Codice;Descrizione;Tipo;Sezione;Classe;Prezzo con IVA;IVA
1;ARROSTO di Fassone Piemontese  (FOGLIA/GALLINELLA);1;1;1;16,37;10
2;BATTUTA AL COLTELLO di Fassone Piemontese (COSCIA PER BATTUTA);1;1;1;26,1;10
3;BOLLITO C/O  di Fassone Piemontese;1;1;1;10,25;10
4;BRUTTO E BUONO  di Fassone Piemontese. (BOLLITO S/O);1;1;1;15,14;10
5;COSCIA  di Fassone Piemontese;1;1;1;19,47;10
6;COSCIA I TAGLIO  di Fassone Piemontese;1;1;1;20,54;10
7;COSTATE  di Fassone Piemontese;1;1;1;20,1;10
8;DIAFRAMMA O LOMBO  di Fassone Piemontese;1;1;1;10,9;10
9;FALSO FILETTO  di Fassone Piemontese;1;1;1;20,79;10
10;FILETTO  di Fassone Piemontese;1;1;1;38,5;10
11;FIOCCO  di Fassone Piemontese (FIOCCO/BOCCETTA COSCIA);1;1;1;16,98;10
12;FIORENTINA  di Fassone Piemontese;1;1;1;27,65;10
13;MUSCOLO  di Fassone Piemontese;1;1;1;15,15;10
14;ROTONDA DI COSCIA di Fassone Piemontese (GIRELLO);1;1;1;21,88;10
15;SCAMONE  di Fassone Piemontese;1;1;1;22,2;10
16;SCARAMELLA C/O  di Fassone Piemontese;1;1;1;10,25;10
17;SCARAMELLA S/O  di Fassone Piemontese;1;1;1;11,24;10
18;SOTTOFILETTO S.O. di Fassone Piemontese;1;1;1;21,6;10
19;SOTTOPALETTA  di Fassone Piemontese (ARROSTO VENA/CAPPELLO DEL PRETE);1;1;1;17,44;10
20;SPEZZATINO  di Fassone Piemontese;1;1;1;14,77;10
21;STINCO - OSSOBUCHI  A FETTE di Fassone Piemontese;1;1;1;11,88;10
22;TAGLIATA  di Fassone Piemontese. (SOTTOFILETTO PULITO PORZIONATO);1;1;1;27,23;10
23;TENERONE  di Fassone Piemontese (BRASATO);1;1;1;16,37;10
24;TRITATA DA SUGO/POLPETTE  di Fassone Piemontese;1;1;1;10,9;10
25;TRITATA MAGRA  di Fassone Piemontese;1;1;1;15,7;10
26;GUANCIALE di bovino adulto;1;1;1;18,9;10
27;PACCO SCORTA “CIT”  DA KG.5 circa di Fassone Piemontese;1;1;1;13,2;10
28;PACCO SCORTA “MES” DA KG.10 circa di Fassone Piemontese;1;1;1;12,5;10
29;PACCO SCORTA “GROS” DA KG.15 circa di Fassone Piemontese;1;1;1;12,2;10
30;CODA di bovino adulto;1;6;0;12,7;10
31;FEGATO  di bovino adulto;1;6;0;13,48;10
32;LINGUA  di bovino adulto;1;6;0;12,7;10
33;TESTINA RASATA  di bovino adulto;1;6;0;9,2;10
34;TRIPPA  di bovino adulto;1;6;0;9,42;10
35;BRACIOLE C/O DI SUINO;1;8;0;10,27;10
36;CAPOCOLLO SUINO;1;8;0;10,7;10
37;COSTINE DI SUINO;1;8;0;9,31;10
38;FEGATO SUINO;1;8;0;7,06;10
39;FILETTO SUINO;1;8;0;14,18;10
40;LONZA SUINO DISOSSATA;1;8;0;13,48;10
41;PANCETTA FRESCA DI SUINO;1;8;0;7,06;10
42;PUNTINE;1;8;0;4,92;10
43;STINCO SUINO;1;8;0;7,6;10
44;ALI DI POLLO;1;9;0;5,14;10
45;ALI DI POLLO “GRAN SELEZIONE” allevato senza uso antibiotici;1;9;0;6;10
46;CAPPONI;1;9;0;12;10
47;CONIGLI NOSTRANI;1;9;0;11,2;10
48;CONIGLIO DISOSSATO;1;9;0;19,36;10
49;COSCE DI POLLO;1;9;0;7,54;10
50;COSCE DI POLLO  “GRAN SELEZIONE” allevato senza uso antibiotici;1;9;0;12,31;10
51;COSCE DI POLLO  DISOSSATE  “GRAN SELEZIONE” allevato senza uso antibiotici;1;9;0;14,9;10
52;COSCE POLLO DISOSSATE;1;9;0;11,24;10
53;COSCIA DI CONIGLIO;1;9;0;16,8;10
54;DURELLI DI POLLO;1;9;0;6;10
55;FARAONE;1;9;0;9,63;10
56;FESA DI TACCHINO;1;9;0;14,23;10
57;FUSI DI POLLO;1;9;0;8,03;10
58;GALLINA;1;9;0;5,35;10
59;HAMBURGER DI POLLO;1;9;0;11,98;10
60;PETTO DI FARAONA;1;9;0;15,19;10
61;PETTO DI POLLO;1;9;0;11,98;10
62;PETTO DI POLLO “GRAN SELEZIONE” allevato senza uso antibiotici;1;9;0;19,64;10
63;POLLI NOSTRANI/CRESTINO;1;9;0;10,38;10
64;POLLO “GRAN SELEZIONE” INTERO;1;9;0;11;10
65;QUAGLIE;1;9;0;11,34;10
66;SOVRACOSCE DI POLLO;1;9;0;8,03;10
67;SPALLA CONIGLIO;1;9;0;16,8;10
68;UOVA DI QUAGLIA conf. da n.12uova;2;13;0;3,45;10
69;UOVA DI GALLINA conf. da n.6uova allevate gabbia;2;13;0;1,55;10
70;UOVA DI GALLINA conf. da n.6uova allevate a terra;2;13;0;1,7;10
71;BRACIOLE DI SUINO MARINATE;1;11;0;12,52;10
72;CAPOCOLLO DI SUINO MARINATO;1;11;0;12,95;10
73;CONIGLIO DISOSSATO MARINATO;1;11;0;21,19;10
74;COSCE DI POLLO S/O MARINATE;1;11;0;12,52;10
75;FAGOTTINI MAIALE;1;11;0;15,3;10
76;HAMBURGER B.A.R.P. FARCITI;1;11;0;13,16;10
77;HAMBURGER B.A.R.P. SEMPLICI;1;11;0;12,52;10
78;LONZA SUINO MARINATA;1;11;0;14,18;10
79;PIADINA RUCOLA P.COTTO FORMAGG;1;11;0;15,73;10
80;PIADINA SPEK E FORMAGGIO;1;11;0;15,73;10
81;POLPETTE / IMPASTO PRONTO;1;11;0;14,66;10
82;ROLATE BOVINO;1;11;0;16,37;10
83;ROLATE CONIGLIO;1;11;0;19,69;10
84;ROLATE DI TACCHINO;1;11;0;12,09;10
85;ROLATINE DI BOVINO;1;11;0;20,54;10
86;ROLATINE POLLO;1;11;0;11,98;10
87;RUCOLONE - preparato a base di carne bovina,formaggio,rucola;1;11;0;19,53;10
88;SPIEDINI;1;11;0;14,28;10
89;TACCHINO MARINATO;1;11;0;14,95;10
90;TENERONE B.A.R.P. MARINATO;1;11;0;17,44;10
91;COTECHINI;1;12;0;7,95;10
92;COPPA;1;12;0;20,2;10
93;GALANTINA;1;12;0;12;10
94;VITELLO TONNATO ;1;12;0;24,8;10
95;GRIVE;1;12;0;17,3;10
96;GUANCIALE A CUBETTI;2;12;0;2,2;10
97;LARDO SEMPLICE/ LARDO ALLE ERBE;1;12;0;9,8;10
98;PANCETTA ARROTOLATA ;1;12;0;9,8;10
99;SALAME CINGHIALE;1;12;0;25,4;10
100;SALAME COTTO;1;12;0;13,35;10
101;SALAME CRUDO;1;12;0;22,5;10
102;SALAME A FETTE;1;12;0;23,5;10
103;SALAMI DI CAPRIOLO;1;12;0;33,5;10
104;SALSICCIA SUINO;1;12;0;11,9;10
105;SALSICCIA FASSONE;1;12;0;16,9;10
106;ARMONIA PROSC. COTTO ROSA;1;12;0;17,9;10
107;ARROSTO TACCHINO;1;12;0;21,1;10
108;BRESAOLA;1;12;0;47,5;10
109;CUNEO PROSC. CRUDO 24MESI;1;12;0;42,7;10
110;PARMA PROSC.CRUDO ;1;12;0;39,5;10
111;DAMA PROSC. COTTO ROSA;1;12;0;15,9;10
112;LINGUA;1;12;0;16,9;10
113;LONZA AFFUMICATA;1;12;0;22;10
114;MORTADELLA;1;12;0;14,5;10
115;SPECK;1;12;0;17,6;10
116;TUMA RAFLAZZ NONNA RENZA;1;14;0;16,5;4
117;TUMA MURAZZANO;1;14;0;16,7;4
118;RAVIOLI CeV gr.250;2;13;0;4,5;10
119;RAVIOLI CeV gr.500;2;13;0;8,6;10
120;PLIN CeV gr.250;2;13;0;6,1;10
121;PLIN CeV gr.500;2;13;0;12,2;10
122;AGNELLO ;1;10;0;14;10
123;COSCIA AGNELLO;1;10;0;18,5;10
124;COSTINE AGNELLO;1;10;0;20,5;10
125;SPALLA AGNELLO;1;10;0;17,4;10
126;POLPA AGNELLO;1;10;0;22,5;10
127;ARROSTO Bue/Manzo;1;5;1;24,4;10
128;BATTUTA AL COLTELLO  Bue/Manzo;1;5;1;28,4;10
129;BOLLITO C/O  Bue/Manzo;1;5;1;17;10
130;BRUTTO E BUONO (BOLLITO S/O) Bue/Manzo;1;5;1;23;10
131;COSCIA  Bue/Manzo;1;5;1;26;10
132;COSTATA Bue/Manzo;1;5;1;29;10
133;FILETTO  Bue/Manzo;1;5;1;38;10
134;FIORENTINA  Bue/Manzo;1;5;1;31,4;10
135;MUSCOLO  Bue/Manzo;1;5;1;23,4;10
136;ROTONDA DI COSCIA  Bue/Manzo;1;5;1;26;10
137;SCAMONE  Bue/Manzo;1;5;1;31,4;10
138;SOTTOFILETTO  Bue/Manzo;1;5;1;30,4;10
139;SOTTOPALETTA  Bue/Manzo;1;5;1;25,4;10
140;SPEZZATINO  Bue/Manzo;1;5;1;21,4;10
141;STINCO – OSSOBUCHI  Bue/Manzo;1;5;1;17;10
142;TAGLIATA  Bue/Manzo;1;5;1;29,5;10
143;TRITA SUGO  Bue/Manzo;1;5;1;15;10
144;TRITA MAGRA  Bue/Manzo;1;5;1;24,4;10
145;ARROSTO di Fassone Piemontese  (FOGLIA/GALLINELLA);1;7;0;17,87;10
146;ARROSTO VENA  di Fassone Piemontese;1;7;0;18,94;10
147;BATTUTA AL COLTELLO di Fassone Piemontese (COSCIA PER BA;1;7;0;26,6;10
148;BOLLITO C/O  di Fassone Piemontese;1;7;0;11,75;10
149;BRUTTO E BUONO  di Fassone Piemontese. (BOLLITO S/O);1;7;0;16,64;10
150;COSCIA  di Fassone Piemontese;1;7;0;20,97;10
151;COSCIA I TAGLIO  di Fassone Piemontese;1;7;0;22,04;10
152;COSTATE  di Fassone Piemontese;1;7;0;21,6;10
153;DIAFRAMMA O LOMBO  di Fassone Piemontese;1;7;0;12,3;10
154;FALSO FILETTO  di Fassone Piemontese;1;7;0;19,7;10
155;FETTINE BURRO  di Fassone Piemontese. (COSCIA PRIMO TAGL;1;7;0;22,04;10
156;FETTINE FERRI di Fassone Piemontese. (SOTTOFILETTO);1;7;0;23,11;10
157;FETTINE MILANESI  di Fassone Piemontese  (COSCIA);1;7;0;20,97;10
158;FILETTO  di Fassone Piemontese;1;7;0;34,08;10
159;FIOCCO  di Fassone Piemontese (FIOCCO/BOCCETTA COSCIA);1;7;0;18,48;10
160;FIORENTINA  di Fassone Piemontese;1;7;0;29,15;10
161;GALLINELLA di Fassone Piemontese;1;7;0;17,87;10
162;MUSCOLO  di Fassone Piemontese;1;7;0;16,65;10
163;PUNTA PETTO di Fassone Piemontese BOLLITO/SPEZZATINO);1;7;0;17,23;10
164;ROTONDA DI COSCIA di Fassone Piemontese (GIRELLO);1;7;0;23,38;10
165;ROTONDA DI SPALLA  di Fassone Piemontese;1;7;0;17,87;10
166;SCAMONE  di Fassone Piemontese;1;7;0;23,7;10
167;SCARAMELLA C/O  di Fassone Piemontese;1;7;0;11,75;10
168;SCARAMELLA S/O  di Fassone Piemontese;1;7;0;12,74;10
169;SOTTOFILETTO S.O. di Fassone Piemontese;1;7;0;23,1;10
170;SOTTOPALETTA  di Fassone Piemontese (ARROSTO VENA/CAPPEL;1;7;0;18,94;10
171;SPEZZATINO  di Fassone Piemontese;1;7;0;16,27;10
172;STINCO - OSSOBUCHI  A FETTE di Fassone Piemontese;1;7;0;13,38;10
173;TAGLIATA  di Fassone Piemontese. (SOTTOFILETTO PULITO PO;1;7;0;28,73;10
174;TENERONE  di Fassone Piemontese (BRASATO);1;7;0;17,87;10
175;TRITATA DA SUGO/POLPETTE  di Fassone Piemontese;1;7;0;12,4;10
176;TRITATA MAGRA  di Fassone Piemontese;1;7;0;17,2;10
177;GUANCIALE di bovino adulto;1;7;0;18,9;10
178;PACCHI SCORTA;1;7;0;0;10
179;PACCO SCORTA “CIT”  DA KG.5 circa di Fassone Piemontese;1;7;0;14,7;10
180;PACCO SCORTA “MES” DA KG.10 circa di Fassone Piemontese;1;7;0;14;10
181;PACCO SCORTA “GROS” DA KG.15 circa di Fassone Piemontese;1;7;0;13,7;10
182;ARROSTO di Fassone Piemontese  (FOGLIA/GALLINELLA);1;3;0;16,37;10
183;BATTUTA AL COLTELLO di Fassone Piemontese (COSCIA PER BATTUTA);1;3;0;25,1;10
184;BOLLITO C/O  di Fassone Piemontese;1;3;0;10,25;10
185;BRUTTO E BUONO  di Fassone Piemontese. (BOLLITO S/O);1;3;0;15,14;10
186;COSCIA  di Fassone Piemontese;1;3;0;19,47;10
187;COSCIA I TAGLIO  di Fassone Piemontese;1;3;0;20,54;10
188;COSTATE  di Fassone Piemontese;1;3;0;20,1;10
189;DIAFRAMMA O LOMBO  di Fassone Piemontese;1;3;0;10,9;10
190;FALSO FILETTO  di Fassone Piemontese;1;3;0;20,69;10
191;FILETTO  di Fassone Piemontese;1;3;0;38,5;10
192;FIOCCO  di Fassone Piemontese (FIOCCO/BOCCETTA COSCIA);1;3;0;16,98;10
193;FIORENTINA  di Fassone Piemontese;1;3;0;27,65;10
194;MUSCOLO  di Fassone Piemontese;1;3;0;15,15;10
195;ROTONDA DI COSCIA di Fassone Piemontese (GIRELLO);1;3;0;21,88;10
196;SCAMONE  di Fassone Piemontese;1;3;0;22,2;10
197;SCARAMELLA C/O  di Fassone Piemontese;1;3;0;10,25;10
198;SCARAMELLA S/O  di Fassone Piemontese;1;3;0;11,24;10
199;SOTTOFILETTO S.O. di Fassone Piemontese;1;3;0;21,6;10
200;SOTTOPALETTA  di Fassone Piemontese (ARROSTO VENA/CAPPELLO DEL PRETE);1;3;0;17,44;10
201;SPEZZATINO  di Fassone Piemontese;1;3;0;14,77;10
202;STINCO - OSSOBUCHI  A FETTE di Fassone Piemontese;1;3;0;11,88;10
203;TAGLIATA  di Fassone Piemontese. (SOTTOFILETTO PULITO PORZIONATO);1;3;0;27,23;10
204;TENERONE  di Fassone Piemontese (BRASATO);1;3;0;16,37;10
205;TRITATA DA SUGO/POLPETTE  di Fassone Piemontese;1;3;0;10,9;10
206;TRITATA MAGRA  di Fassone Piemontese;1;3;0;15,7;10
207;GUANCIALE di bovino adulto;1;3;0;18,9;10
208;ARROSTO di Fassone Piemontese  (FOGLIA/GALLINELLA);1;16;0;14,63;10
209;BATTUTA AL COLTELLO di Fassone Piemontese (COSCIA PER BATTUTA);1;16;0;20,9;10
210;BOLLITO C/O  di Fassone Piemontese;1;16;0;7,7;10
211;BRUTTO E BUONO  di Fassone Piemontese. (BOLLITO S/O);1;16;0;13,2;10
212;COSCIA a fette  di Fassone Piemontese;1;16;0;17,49;10
213;COSCIA I TAGLIO a fette di Fassone Piemontese;1;16;0;18,59;10
214;COSTATE  di Fassone Piemontese;1;16;0;18,37;10
215;DIAFRAMMA O LOMBO  di Fassone Piemontese;1;16;0;10,01;10
216;FALSO FILETTO  di Fassone Piemontese;1;16;0;20,79;10
217;FILETTO  porzionato di Fassone Piemontese;1;16;0;38,5;10
218;FIOCCO  di Fassone Piemontese (FIOCCO/BOCCETTA COSCIA);1;16;0;15,62;10
219;FIORENTINA  di Fassone Piemontese;1;16;0;26,4;10
220;MUSCOLO  di Fassone Piemontese;1;16;0;13,2;10
221;ROTONDA DI COSCIA di Fassone Piemontese (GIRELLO);1;16;0;20,79;10
222;SCAMONE  di Fassone Piemontese;1;16;0;19,58;10
223;SCARAMELLA C/O  di Fassone Piemontese;1;16;0;7,7;10
224;SCARAMELLA S/O  di Fassone Piemontese;1;16;0;10,45;10
225;SOTTOFILETTO S.O. di Fassone Piemontese;1;16;0;21,12;10
226;SOTTOPALETTA  di Fassone Piemontese (ARROSTO VENA/CAPPELLO DEL PRETE);1;16;0;16,01;10
227;SPEZZATINO  di Fassone Piemontese;1;16;0;12,1;10
228;STINCO - OSSOBUCHI  A FETTE di Fassone Piemontese;1;16;0;10,51;10
229;TAGLIATA  di Fassone Piemontese. (SOTTOFILETTO PULITO PORZIONATO);1;16;0;25,3;10
230;TENERONE  di Fassone Piemontese (BRASATO);1;16;0;14,3;10
231;TRITATA DA SUGO/POLPETTE  di Fassone Piemontese;1;16;0;9,9;10
232;TRITATA MAGRA  di Fassone Piemontese;1;16;0;15,4;10
233;GUANCIALE di bovino adulto;1;16;0;17,2;10
234;POLLO ARROSTO;2;13;0;7;10
235;POLLO ARROSTO;1;26;0;7;10
236;COSCE POLLO ARROSTO;2;13;0;3,5;10
237;COSCE POLLO ARROSTO;2;26;0;3,5;10
238;ALI POLLO ARROSTO;2;26;0;0,8;10
239;ALI POLLO ARROSTO;2;13;0;0,8;10
240;STINCO ARROSTO;1;13;0;13,5;10
241;STINCO ARROSTO;1;26;0;13,5;10
242;ROLATINE;1;26;0;15;10
243;SPIEDINI;2;13;0;2,5;10
244;ROLATINE;1;13;0;15;10
245;SPIEDINI;2;26;0;2,5;10
246;QUAGLIE;1;26;0;14;10
247;QUAGLIE;1;13;0;14;10
248;COSTINE;1;13;0;12;10
249;COSTINE;1;26;0;12;10
250;BURRO ;1;14;0;13;4
251;TUMA ROCCAVERANO;1;14;0;21,7;4
252;BRA TENERO;1;14;0;13;4
253;GRANA PADANO;1;14;0;18;4
254;BLU DI CAPRA;1;14;0;25,7;4
255;CASTELMAGNO;1;14;0;27,5;4
256;ACCIUGHE VER ROS;2;13;0;7,3;10
257;PEPERONI FARCITI;1;13;0;24;10
258;CAPRICCIOSA;1;13;0;20,5;10
259;SEMOLINI;1;13;0;15,9;10
260;ANTIPASTO PIEMONTESE;1;13;0;24;10
261;BRA DURO;1;14;0;16;4
262;BURRO BRUSSINO gr.125;2;14;0;3;4
263;PECORINO SARDO;1;14;0;19,8;4
264;RASCHERA;1;14;0;14;4
265;TOMA PIEMONTESE;1;14;0;22;4
266;GORGONZOLA;1;14;0;16;4
267;FONTINA DOLCE;1;14;0;14;4
268;STRACCHINO GOLOSO;2;14;0;3,95;4
269;ROBILA CAPRA;1;14;0;23,8;4
270;REGINELLA;1;14;0;19,3;4
271;BLU VALLGRANDA;2;14;0;6,5;4
272;CACIOCAVALLO;1;14;0;16;4
273;SCAMORZA AFFUMICATA;1;14;0;13,9;4
274;TOMINI PIEMONTESI;1;14;0;15;4
275;BUSTINE GRANA;2;14;0;2,4;4
276;FORMAGGINI;2;14;0;2,3;4
277;YOUGURT VALLES S.;2;14;0;1,75;10
278;LATTE F. 1L;2;14;0;2,3;4
279;LATTE F. 1/2L;2;14;0;1,3;4
280;MOZZARELLE;2;14;0;1,85;4
281;PANNA 200ml F.;2;14;0;2,75;4
282;SOTTILETTE;2;14;0;2,1;4
283;PANNA ml.200 UHT;2;14;0;1,5;4
284;PARMIGIANO SPICCHIO;2;14;0;8;4
285;GRANA SPICCHIO;2;14;0;5,2;4
286;PHILADELPHIA;2;14;0;3,5;4
287;RAVIOLI V gr.250;2;13;0;4,5;10
288;RAVIOLI V gr.500;2;13;0;8,6;10
289;PLIN V gr.250;2;13;0;6,1;10
290;GNOCCHI gr.500;2;13;0;3,6;4
291;PICCOLE DEL. gr.500;2;13;0;4;4
292;TORTELLINI gr.250;2;13;0;4,3;10
293;TORTELLINI gr.500;2;13;0;7,5;10
294;PLIN CRESCENZA/RUCOLA gr.250;2;13;0;6,1;10
295;INSALATA RUSSA;1;13;0;18,5;10
296;INVOLTINO PROSCIUTTO;2;13;0;2,5;10
297;FRITTATE;1;13;0;20;10
298;SALSA TONNATA;1;13;0;20;10
299;PACCO SCORTA “CIT”  DA KG.5 circa di Fassone Piemontese;1;3;0;13,2;10
300;PACCO SCORTA “MES” DA KG.10 circa di Fassone Piemontese;1;3;0;12,5;10
301;PACCO SCORTA “GROS” DA KG.15 circa di Fassone Piemontese;1;3;0;12,2;10
302;COSCIA PRIMO TAGLIO/COSCIA PEZZO INTERO di Fassone Piemontese;1;16;0;15,84;10
303;COSCIA PORZIONATA PER BATTUTA di Fassone Piemontese;1;16;0;17,05;10
304;ENTRECOTE S/O e SOTTOFILETTO;1;16;0;21,12;10
305;TUMA RAFLAZZ MISTA;1;14;0;19,5;4
306;TUMA RAFLAZZ PECORA;1;14;0;19,5;4
307;BURRO FUSERO;2;14;0;1,9;4
308;UOVA BIO 4PZ;2;13;0;1,85;10
309;trita uso zootecnico;1;1;0;2,5;10
310;TRITA USO ZOOTECNICO;1;3;0;2,5;10
311;ZAMPONE;1;12;0;10;10
312;FONDI SALUMI;1;12;0;6;10
313;FONDI SALUMI;1;25;0;6;10
314;COSCIA I TAGLIO BUE/MANZO;1;5;0;26;10
315;WURSTEL COALVI;2;12;0;4,55;10
500;ARROSTO di Fassone Piemontese  (FOGLIA/GALLINELLA);1;15;1;14,63;10
501;BATTUTA AL COLTELLO di Fassone Piemontese (COSCIA PER BATTUTA);1;15;1;20,9;10
502;BOLLITO C/O  di Fassone Piemontese;1;15;1;7,7;10
503;BRUTTO E BUONO  di Fassone Piemontese. (BOLLITO S/O);1;15;1;13,2;10
504;COSCIA  a fette di Fassone Piemontese;1;15;1;17,49;10
505;COSCIA I TAGLIO a fette  di Fassone Piemontese;1;15;1;18,59;10
506;COSTATE  di Fassone Piemontese;1;15;1;18,37;10
507;DIAFRAMMA O LOMBO  di Fassone Piemontese;1;15;1;10,01;10
508;FALSO FILETTO  di Fassone Piemontese;1;15;1;20,79;10
509;FILETTO  porzionato di Fassone Piemontese;1;15;1;38,5;10
510;FIOCCO  di Fassone Piemontese (FIOCCO/BOCCETTA COSCIA);1;15;1;15,62;10
511;FIORENTINA  di Fassone Piemontese;1;15;1;26,4;10
512;MUSCOLO  di Fassone Piemontese;1;15;1;13,2;10
513;ROTONDA DI COSCIA di Fassone Piemontese (GIRELLO);1;15;1;20,79;10
514;SCAMONE  di Fassone Piemontese;1;15;1;19,58;10
515;SCARAMELLA C/O  di Fassone Piemontese;1;15;1;7,7;10
516;SCARAMELLA S/O  di Fassone Piemontese;1;15;1;10,45;10
517;SOTTOFILETTO S.O. di Fassone Piemontese;1;15;1;21,12;10
518;SOTTOPALETTA  di Fassone Piemontese (ARROSTO VENA/CAPPELLO DEL PRETE);1;15;1;16,01;10
519;SPEZZATINO  di Fassone Piemontese;1;15;1;12,1;10
520;STINCO - OSSOBUCHI  A FETTE di Fassone Piemontese;1;15;1;10,51;10
521;TAGLIATA  di Fassone Piemontese. (SOTTOFILETTO PULITO PORZIONATO);1;15;1;25,3;10
522;TENERONE  di Fassone Piemontese (BRASATO);1;15;1;14,3;10
523;TRITATA DA SUGO/POLPETTE  di Fassone Piemontese;1;15;1;9,9;10
524;TRITATA MAGRA  di Fassone Piemontese;1;15;1;15,4;10
525;GUANCIALE di bovino adulto;1;15;1;17,2;10
526;COSCIA PRIMO TAGLIO/COSCIA PEZZO INTERO di Fassone Piemontese;1;15;1;15,84;10
527;COSCIA PORZIONATA PER BATTUTA di Fassone Piemontese;1;15;1;17,05;10
528;ENTRECOTE S/O e SOTTOFILETTO;1;15;1;21,12;10
529;CODA di bovino adulto;1;19;0;12,7;10
530;FEGATO  di bovino adulto;1;19;0;10,51;10
531;LINGUA  di bovino adulto;1;19;0;12,7;10
532;TESTINA RASATA  di bovino adulto;1;19;0;6,6;10
533;TRIPPA  di bovino adulto;1;19;0;7,7;10
534;BRACIOLE C/O DI SUINO;1;21;0;9,24;10
535;CAPOCOLLO SUINO;1;21;0;8,69;10
536;COSTINE DI SUINO;1;21;0;7,7;10
537;FEGATO SUINO;1;21;0;5,07;10
538;FILETTO SUINO;1;21;0;12,65;10
539;LONZA (ARISTA) SUINO ;1;21;0;10,45;10
540;PANCETTA FRESCA DI SUINO;1;21;0;5,5;10
541;PUNTINE;1;21;0;3,74;10
542;STINCO SUINO;1;21;0;6,93;10
543;ALI DI POLLO;1;22;0;4,18;10
544;ALI DI POLLO “GRAN SELEZIONE” allevato senza uso antibiotici;1;22;0;4,51;10
545;CAPPONI;1;22;0;11;10
546;CONIGLI NOSTRANI;1;22;0;11;10
547;CONIGLIO DISOSSATO;1;22;0;19,36;10
548;COSCE DI POLLO;1;22;0;6,6;10
549;COSCE DI POLLO  “GRAN SELEZIONE” allevato senza uso antibiotici;1;22;0;9,35;10
550;COSCE DI POLLO  DISOSSATE  “GRAN SELEZIONE” allevato senza uso antibiotici;1;22;0;10,67;10
551;COSCE POLLO DISOSSATE;1;22;0;9,57;10
552;COSCIA DI CONIGLIO;1;22;0;16,39;10
553;DURELLI DI POLLO;1;22;0;5,28;10
554;FARAONE;1;22;0;8,69;10
555;FESA DI TACCHINO;1;22;0;12,54;10
556;FUSI DI POLLO;1;22;0;6,6;10
557;GALLINA;1;22;0;4,95;10
558;HAMBURGER DI POLLO;1;22;0;11;10
559;PETTO DI FARAONA;1;22;0;14,08;10
560;PETTO DI POLLO;1;22;0;10,78;10
561;PETTO DI POLLO “GRAN SELEZIONE” allevato senza uso antibiotici;1;22;0;17,6;10
562;POLLI NOSTRANI/CRESTINO (gallo Livornese);1;22;0;9,46;10
563;POLLO “GRAN SELEZIONE” INTERO;1;22;0;10;10
564;QUAGLIE;1;22;0;13,42;10
565;SOVRACOSCE DI POLLO;1;22;0;6,6;10
566;SPALLA CONIGLIO;1;22;0;16,8;10
567;UOVA DI QUAGLIA conf. da n.12uova;1;26;0;3,45;10
568;UOVA DI GALLINA conf. da n.6uova allevate gabbia;1;26;0;1,55;10
569;UOVA DI GALLINA conf. da n.6uova allevate a terra;1;26;0;1,7;10
570;BRACIOLE DI SUINO MARINATE;1;24;0;12,52;10
571;CAPOCOLLO DI SUINO MARINATO;1;24;0;12,95;10
572;CONIGLIO DISOSSATO MARINATO;1;24;0;21,19;10
573;COSCE DI POLLO S/O MARINATE;1;24;0;12,52;10
574;FAGOTTINI MAIALE;1;24;0;15,3;10
575;HAMBURGER B.A.R.P. FARCITI;1;24;0;10,45;10
576;HAMBURGER B.A.R.P. SEMPLICI;1;24;0;10,45;10
577;LONZA SUINO MARINATA;1;24;0;14,18;10
578;PIADINA RUCOLA P.COTTO FORMAGG;1;24;0;15,73;10
579;PIADINA SPEK E FORMAGGIO;1;24;0;15,73;10
580;POLPETTE / IMPASTO PRONTO;1;24;0;14,66;10
581;ROLATE BOVINO;1;24;0;14,3;10
582;ROLATE CONIGLIO;1;24;0;19,69;10
583;ROLATE DI TACCHINO;1;24;0;12,09;10
584;ROLATINE DI BOVINO;1;24;0;19,5;10
585;ROLATINE POLLO;1;24;0;10,67;10
586;RUCOLONE - preparato a base di carne bovina,formaggio,rucola;1;24;0;18,59;10
587;SPIEDINI;1;24;0;13,2;10
588;TACCHINO MARINATO;1;24;0;13,92;10
589;TENERONE B.A.R.P. MARINATO;1;24;0;17,44;10
590;COTECHINI;1;25;0;7,95;10
591;COPPA;1;25;0;20,2;10
592;GALANTINA;1;25;0;12;10
593;VITELLO TONNATO (intero/trancio);1;25;0;24,8;10
594;GRIVE;1;25;0;17,3;10
595;GUANCIALE;1;25;0;13,35;10
596;LARDO SEMPLICE/ LARDO ALLE ERBE;1;25;0;9,8;10
597;PANCETTA ARROTOLATA;1;25;0;9,8;10
598;SALAME CINGHIALE;1;25;0;25,4;10
599;SALAME COTTO;1;25;0;13,35;10
600;SALAME CRUDO ;1;25;0;22,5;10
601;SALAME A FETTE;1;25;0;23,5;10
602;SALAMI DI CAPRIOLO;1;25;0;33,5;10
603;SALSICCIA SUINO;1;25;0;11,9;10
604;SALSICCIA FASSONE;1;25;0;16,9;10
605;ARMONIA PROSC. COTTO ROSA;1;25;0;17,9;10
606;ARROSTO TACCHINO;1;25;0;21,1;10
607;BRESAOLA;1;25;0;47,5;10
608;CUNEO PROSC. CRUDO 24MESI;1;25;0;42,7;10
609;PARMA PROSC.CRUDO ;1;25;0;39,5;10
610;DAMA PROSC. COTTO ROSA;1;25;0;15,9;10
611;LINGUA;1;25;0;16,9;10
612;LONZA AFFUMICATA;1;25;0;22;10
613;MORTADELLA;1;25;0;14,5;10
614;SPECK;1;25;0;17,6;10
615;TUMA RAFLAZZ;1;27;0;19,5;4
616;TUMA MURAZZANO;1;27;0;16,7;4
617;RAVIOLI CeV gr.250;1;26;0;3,45;10
618;RAVIOLI V gr.250;1;26;0;3,45;10
619;PLIN CeV gr.250;1;26;0;4,75;10
620;PLIN V gr.250;1;26;0;4,7;10
621;AGNELLO;1;23;0;14;10
622;COSCIA AGNELLO;1;23;0;18,5;10
623;COSTINE AGNELLO;1;23;0;20,5;10
624;SPALLA AGNELLO;1;23;0;17,4;10
625;POLPA AGNELLO;1;23;0;22,5;10
626;ARROSTO Bue/Manzo;1;18;1;24,4;10
627;BATTUTA AL COLTELLO  Bue/Manzo;1;18;1;28,4;10
628;BOLLITO C/O  Bue/Manzo;1;18;1;0;10
629;BRUTTO E BUONO (BOLLITO S/O) Bue/Manzo;1;18;1;0;10
630;COSCIA  Bue/Manzo;1;18;1;0;10
631;COSTATA Bue/Manzo;1;18;1;0;10
632;FILETTO  Bue/Manzo;1;18;1;0;10
633;FIORENTINA  Bue/Manzo;1;18;1;0;10
634;MUSCOLO  Bue/Manzo;1;18;1;0;10
635;ROTONDA DI COSCIA  Bue/Manzo;1;18;1;0;10
636;SCAMONE  Bue/Manzo;1;18;1;0;10
637;SOTTOFILETTO  Bue/Manzo;1;18;1;0;10
638;SOTTOPALETTA  Bue/Manzo;1;18;1;0;10
639;SPEZZATINO  Bue/Manzo;1;18;1;0;10
640;STINCO – OSSOBUCHI  Bue/Manzo;1;18;1;0;10
641;TAGLIATA  Bue/Manzo;1;18;1;0;10
642;TRITA SUGO  Bue/Manzo;1;18;1;0,05;10
643;TRITA MAGRA  Bue/Manzo;1;18;1;0;10
644;ARROSTO di Fass.Piem. c/f (FOGLIA/GALLINELLA);1;17;1;17,37;10
645;ARROSTO VENA di Fass.Piem. c/f;1;17;1;18,44;10
646;BATTUTA AL COLTELLO di Fass.Piem. c/f;1;17;1;26,1;10
647;BOLLITO C/O di Fass.Piem. c/f;1;17;1;11,25;10
648;BRUTTO E BUONO di Fass.Piem. c/f (BOLLITO S/O);1;17;1;16,14;10
649;COSCIA di Fass.Piem. c/f;1;17;1;20,47;10
650;COSCIA I TAGLIO di Fass.Piem. c/f;1;17;1;21,54;10
651;COSTATE  di Fass.Piem. c/f;1;17;1;21,1;10
652;DIAFRAMMA O LOMBO  di Fass.Piem. c/f;1;17;1;11,8;10
653;FALSO FILETTO  di Fass.Piem. c/f;1;17;1;21,69;10
654;FETTINE BURRO  di Fass.Piem. c/f;1;17;1;21,54;10
655;FETTINE FERRI  di Fass.Piem. c/f;1;17;1;22,61;10
656;FETTINE MILANESI  di Fass.Piem. c/f;1;17;1;20,47;10
657;FILETTO  di Fass.Piem. c/f;1;17;1;39,5;10
658;FIOCCO  di Fass.Piem. c/f;1;17;1;17,98;10
659;FIORENTINA di Fass.Piem. c/f;1;17;1;28,65;10
660;GALLINELLA di Fass.Piem. c/f;1;17;1;17,37;10
661;MUSCOLOdi Fass.Piem. c/f;1;17;1;16,15;10
662;PUNTA PETTO di Fass.Piem. c/f BOLLITO/SPEZZATI;1;17;1;16,73;10
663;ROTONDA DI COSCIA di Fass.Piem. c/f;1;17;1;22,88;10
664;ROTONDA DI SPALLA di Fass.Piem. c/f;1;17;1;17,37;10
665;SCAMONE di Fass.Piem. c/f;1;17;1;23,2;10
666;SCARAMELLA C/O di Fass.Piem. c/f;1;17;1;11,25;10
667;SCARAMELLA S/Odi Fass.Piem. c/f;1;17;1;12,14;10
668;SOTTOFILETTO S.O. di Fass.Piem. c/f;1;17;1;22,6;10
669;SOTTOPALETTA di Fass.Piem. c/f;1;17;1;18,44;10
670;SPEZZATINO di Fass.Piem. c/f;1;17;1;15,77;10
671;STINCO - OSSOBUCHI A FETTE di Fass.Piem. c/f;1;17;1;12,88;10
672;TAGLIATA di Fass.Piem. c/f. ;1;17;1;28,23;10
673;TENERONEdi Fass.Piem. c/f (BRASATO);1;17;1;17,37;10
674;TRITATA DA SUGO/POLPETTE di Fass.Piem. c/f;1;17;1;11,9;10
675;TRITATA MAGRA di Fass.Piem. c/f;1;17;1;16,7;10
676;GUANCIALE di bovino adulto;1;17;1;17,2;10
677;MILANESI BOVINO pronto cuocere;1;11;0;23,9;10
678;PETTO POLLO impanato pronto cuoc;1;11;0;15,9;10
679; ;;;;;
680; ;;;;;
801;ARROSTO di Fassone Piemontese (FOGLIA/GALLINELLA);1;20;0;17,37;10
802;ARROSTO VENA di Fassone Piemontese;1;20;0;18,44;10
803;BATTUTA AL COLTELLO di Fassone Piemontese (COSCIA;1;20;0;26,1;10
804;BOLLITO C/O di Fassone Piemontese;1;20;0;11,25;10
805;BRUTTO E BUONO di Fassone Piemontese. (BOLLITO S/O;1;20;0;16,14;10
806;COSCIA di Fassone Piemontese;1;20;0;20,47;10
807;COSCIA I TAGLIO di Fassone Piemontese;1;20;0;21,54;10
808;COSTATE di Fassone Piemontese;1;20;0;21,1;10
809;DIAFRAMMA O LOMBO di Fassone Piemontese;1;20;0;11,8;10
810;FALSO FILETTO di Fassone Piemontese;1;20;0;19,2;10
811;FETTINE BURRO di Fassone Piemontese. (COSCIA PRIMO;1;20;0;21,54;10
812;FETTINE FERRI di Fassone Piemontese. (SOTTOFILETTO;1;20;0;22,61;10
813;FETTINE MILANESI di Fassone Piemontese (COSCIA);1;20;0;20,47;10
814;FILETTO di Fassone Piemontese;1;20;0;33,58;10
815;FIOCCO di Fassone Piemontese (FIOCCO/BOCCETTA COSC;1;20;0;17,98;10
816;FIORENTINA di Fassone Piemontese;1;20;0;28,65;10
817;GALLINELLA di Fassone Piemontese;1;20;0;17,37;10
818;MUSCOLO di Fassone Piemontese;1;20;0;16,15;10
819;PUNTA PETTO di Fassone Piemontese BOLLITO/SPEZZATI;1;20;0;16,73;10
820;ROTONDA DI COSCIA di Fassone Piemontese (GIRELLO);1;20;0;22,88;10
821;ROTONDA DI SPALLA di Fassone Piemontese;1;20;0;17,37;10
822;SCAMONE di Fassone Piemontese;1;20;0;23,2;10
823;SCARAMELLA C/O di Fassone Piemontese;1;20;0;11,25;10
824;SCARAMELLA S/O di Fassone Piemontese;1;20;0;12,14;10
825;SOTTOFILETTO S.O. di Fassone Piemontese;1;20;0;22,6;10
826;SOTTOPALETTA di Fassone Piemontese (ARROSTO VENA/C;1;20;0;18,44;10
827;SPEZZATINO di Fassone Piemontese;1;20;0;15,77;10
828;STINCO - OSSOBUCHI A FETTE di Fassone Piemontese;1;20;0;12,88;10
829;TAGLIATA di Fassone Piemontese. (SOTTOFILETTO PULI;1;20;0;28,23;10
830;TENERONE di Fassone Piemontese (BRASATO);1;20;0;17,37;10
831;TRITATA DA SUGO/POLPETTE di Fassone Piemontese;1;20;0;11,9;10
832;TRITATA MAGRA di Fassone Piemontese;1;20;0;16,7;10
833;GUANCIALE di bovino adulto;1;20;0;18,9;10
900;ARROSTO di Fassone Piemontese (FOGLIA/GALLINELLA);1;4;1;17,87;10
901;ARROSTO VENA  di Fassone Piemontese;1;4;1;18,94;10
902;BATTUTA AL COLTELLO di Fassone Piemontese (COSCIA PER BA;1;4;1;26,6;10
903;BOLLITO C/O  di Fassone Piemontese;1;4;1;11,75;10
904;BRUTTO E BUONO  di Fassone Piemontese. (BOLLITO S/O);1;4;1;16,64;10
905;COSCIA  di Fassone Piemontese;1;4;1;20,97;10
906;COSCIA I TAGLIO  di Fassone Piemontese;1;4;1;22,04;10
907;COSTATE  di Fassone Piemontese;1;4;1;21,6;10
908;DIAFRAMMA O LOMBO  di Fassone Piemontese;1;4;1;12,3;10
909;FALSO FILETTO  di Fassone Piemontese;1;4;1;22,19;10
910;FETTINE BURRO  di Fassone Piemontese. (COSCIA PRIMO TAGL;1;4;1;22,04;10
911;FETTINE FERRI di Fassone Piemontese. (SOTTOFILETTO);1;4;1;23,11;10
912;FETTINE MILANESI  di Fassone Piemontese  (COSCIA);1;4;1;20,97;10
913;FILETTO  di Fassone Piemontese;1;4;1;40;10
914;FIOCCO  di Fassone Piemontese (FIOCCO/BOCCETTA COSCIA);1;4;1;18,48;10
915;FIORENTINA  di Fassone Piemontese;1;4;1;29,15;10
916;GALLINELLA di Fassone Piemontese;1;4;1;17,87;10
917;MUSCOLO  di Fassone Piemontese;1;4;1;16,65;10
918;PUNTA PETTO di Fassone Piemontese BOLLITO/SPEZZATINO);1;4;1;17,23;10
919;ROTONDA DI COSCIA di Fassone Piemontese (GIRELLO);1;4;1;23,38;10
920;ROTONDA DI SPALLA  di Fassone Piemontese;1;4;1;17,87;10
921;SCAMONE  di Fassone Piemontese;1;4;1;23,7;10
922;SCARAMELLA C/O  di Fassone Piemontese;1;4;1;11,75;10
923;SCARAMELLA S/O  di Fassone Piemontese;1;4;1;12,74;10
924;SOTTOFILETTO S.O. di Fassone Piemontese;1;4;1;23,1;10
925;SOTTOPALETTA  di Fassone Piemontese (ARROSTO VENA/CAPPEL;1;4;1;18,94;10
926;SPEZZATINO  di Fassone Piemontese;1;4;1;16,27;10
927;STINCO - OSSOBUCHI  A FETTE di Fassone Piemontese;1;4;1;13,38;10
928;TAGLIATA  di Fassone Piemontese. (SOTTOFILETTO PULITO PO;1;4;1;28,73;10
929;TENERONE  di Fassone Piemontese (BRASATO);1;4;1;17,87;10
930;TRITATA DA SUGO/POLPETTE  di Fassone Piemontese;1;4;1;12,4;10
931;TRITATA MAGRA  di Fassone Piemontese;1;4;1;17,2;10
932;GUANCIALE di bovino adulto;1;4;1;18,9;10
933;PACCHI SCORTA;1;4;1;0;10
934;PACCO SCORTA “CIT”  DA KG.5 circa di Fassone Piemontese;1;4;1;14,7;10
935;PACCO SCORTA “MES” DA KG.10 circa di Fassone Piemontese;1;4;1;14;10
936;PACCO SCORTA “GROS” DA KG.15 circa di Fassone Piemontese;1;4;1;13,7;10
937;FILETTO PEZZO INTERO di Fassone Piemontese;1;15;1;35,2;10
938;POLPA PER CRUDA di Fassone Piemontese;1;15;1;14,3;10
939;POLPA PER RIPIENO/RAGU' A PEZZI di Fassone Piemontese;1;15;1;10,89;10
940;ROASTBEEF/SOTTOFESA di Fassone Piemontese;1;15;1;15,84;10
941;SOTTOFILETTO S/O PULITO EXTRA non porzionato di Fassone Piemontese;1;15;1;23,65;10
942;FILETTO PEZZO INTERO di Fassone Piemontese;1;16;1;35,2;10
943;POLPA PER CRUDA di Fassone Piemontese;1;16;1;14,3;10
944;POLPA PER RIPIENO/RAGU' A PEZZI di Fassone Piemontese;1;16;1;10,89;10
945;ROASTBEEF/SOTTOFESA di Fassone Piemontese;1;16;1;15,84;10
946;SOTTOFILETTO S/O PULITO EXTRA non porzionato di Fassone Piemontese;1;16;1;23,65;10
947;BUSTONI POLLO;1;22;1;5,39;10
948;ANATRA;1;22;1;13,75;10
949;FILETTO/PETTO D'ANATRA;1;22;1;23,1;10
950;MELANZANE PARMIGIANA;2;13;0;5,1;10
951;CRESPELLE;2;13;0;4,85;10
952;LASAGNE;2;13;0;5,1;10
953;SFOGLIATINE;1;13;0;24;10
954;CANNELLONI;2;13;0;4,9;10
955;TORTELLINI Kg.1;2;13;0;14,5;10
956;TAJARIN;2;13;0;2,2;10
957;FAGOTTINI SPECK ;2;13;0;6;10
958;MOZZARELLA BUFALA;2;14;0;2,5;4
959;STRACCHINO     ;1;14;0;15,5;4
960;PANNA COTTA FUSERO;2;14;0;1,9;10
961;PANNA COTTA PISTACCHIO;2;14;0;2,4;10
962;YOGURT gr.125;2;14;0;1,4;10
963;BUDINI;2;14;0;1,65;10
964;TUMA BOSSOLASCO;1;14;0;14,8;4
965;VALCASOTTO;1;14;0;25;4
966;FONTINA AOSTA;1;14;0;23;4
967;GROVIERA;1;14;0;18;4
968;TOMINI ACQUA;2;14;0;2;4
969;RICOTTA;1;14;0;10;4
970;DEMONTINO;1;14;0;11,3;4
971;GUANCIALE artigianale;1;12;0;13,35;10
972;GUANCIOTTO SUINO;1;8;0;12,5;10
973;STINCO SUINO MARINATO;1;13;0;10,6;10
974;SCALOPPINE di Fasone Piemontese;1;15;1;18,5;10
975;SCALOPPINE di Fasone Piemontese;1;16;0;18,5;10
976;MANZO AFFUMICATO;1;12;0;25,5;10
977;ROAST-BEEF ;1;12;0;29,9;10
978;UOVA DI GALLINA GIALLA conf. da n.6uova ;2;13;0;1,85;10
979;BRACIOLE DI SUINO MARINATE;1;28;0;12,52;10
980;CAPOCOLLO DI SUINO MARINATO;1;28;0;12,95;10
981;CONIGLIO DISOSSATO MARINATO;1;28;0;21,19;10
982;COSCE DI POLLO S/O MARINATE;1;28;0;12,52;10
983;FAGOTTINI MAIALE;1;28;0;15,3;10
984;HAMBURGER B.A.R.P. FARCITI;1;28;0;15;10
985;HAMBURGER B.A.R.P. SEMPLICI;1;28;0;14;10
986;LONZA SUINO MARINATA;1;28;0;14,18;10
987;PIADINA RUCOLA P.COTTO FORMAGG;1;28;0;17,2;10
988;PIADINA SPEK E FORMAGGIO;1;28;0;17,2;10
989;POLPETTE / IMPASTO PRONTO;1;28;0;14,66;10
990;ROLATE BOVINO;1;28;0;17,9;10
991;ROLATE CONIGLIO;1;28;0;19,69;10
992;ROLATE DI TACCHINO;1;28;0;12,09;10
993;ROLATINE DI BOVINO;1;28;0;22;10
994;ROLATINE POLLO;1;28;0;11,98;10
995;RUCOLONE - preparato a base di carne bovina,formaggio,rucola;1;28;0;21;10
996;SPIEDINI;1;28;0;14,28;10
997;TACCHINO MARINATO;1;28;0;14,95;10
998;TENERONE B.A.R.P. MARINATO;1;28;0;19;10
999;MILANESI BOVINO pronto cuocere;1;28;0;25,9;10
1000;PETTO POLLO impanato pronto cuoc;1;28;0;15,9;10
1001;IMPASTO PRONTO PER POLPETTE;1;28;0;16,4;10
1002;TAGLI MISTI FASSONE PIEMONTESE;1;15;1;7,21;10
1003;COSTINE MARINATE;1;11;0;10,5;10
1004;BURRO VALLE STURA;1;14;0;22;4
1005;INSALATA RUSSA gr.200;2;13;0;4,5;10
1006;INSALATA RISO gr.200;2;13;0;4,7;10
1007;INV.PROSCIUTTO (2);2;13;0;5,9;10
1008;PATE' PROSCIUTTO (2);2;13;0;5,4;10
1009;SALSA TONNATA gr.200;2;13;0;4,95;10
1010;ACCIUGHE gr.200;2;13;0;7,6;10
1011;PEPERONI gr.200;2;13;0;5,8;10
1012;COSCE FARAONE;1;22;0;10;10
1013;RUBATA';2;13;0;2,3;4
1014;ARTIGIANO MAIS;2;13;0;2,8;4
1015;BARBARIA';2;13;0;3,3;4
1016;FOCACCIA;2;13;0;3,95;4
1017;PANGRATTATO;2;13;0;1,5;4
1018;PICCIONI;1;22;0;22,28;10
1019;ANIMELLE/LACCETTI;1;19;0;23,8;10
1020;ROGNONE/GRANELLE;1;19;0;5,5;10
1021;FILONI;1;19;0;10,5;10
1022;CERVELLA;1;19;0;5,5;10
1023;GUANCIOTTO SUINO ;1;21;0;12;10
1024;COSCIA PER TONNATI per lavorazione;1;16;0;4,9;10
