"TICKET Id","TICKET Reference Id",Department,"Department Id","Nome Catena","Nome Catena Id","Nome CLIENTI","Nome CLIENTI Id",Email,Phone,Subject,Description,Status,"Nome Prodotto","Nome Prodotto Id","Proprietario TICKET","Proprietario TICKET Id","Created By","Created By Id","Modified By","Modified By Id","Created Time","Ora di chiusura TICKET","Modified Time","To Address","Due Date",Priority,Mode,"Is Overdue","Is Escalated",Classification,Resolution,Category,"Sub Category","Time to Respond",Team,"Team Id",Tags,"Tempo di attesa TICKET",Language,"URL 1","Gestito da","Reparto Aziendale","Da Fatturare","Matricola Interessata o Ritirata","Matricola Prestito d'Uso","Prodotto Interessato","Reparto Negozio","Durata Intervento","Mail Amministrazione","Chiamata dopo le 17","Chiamata nel Weekend","Già Fatturato","Fattura n°","Gestita da un Concessionario","Girato a CONCESSIONARIO","Child Ticket Count"
1447,85271000004062001,"DB Company",85271000000007061,"Break Point",85271000004061001,"Break Point",85271000004054013,BreakPoint@bar.dario,,"3 bilance + 1 testa per pesa, 2 casse rendiresto, e cercare sistema di centralizzazione dei 3 negozi","<div style=""font-size: 13px; font-family: Arial, Helvetica, sans-serif""><div style=""font-size: 13px; font-family: Arial, Helvetica, sans-serif""><div>3 bilance + 1 testa per pesa, 2 casse rendiresto, e cercare sistema di centralizzazione dei 3 negozi<br></div><div><br></div><div>Approfondire MOJITO il gestionale attualmente in uso.<br></div><div><br></div><div>3900 gestionale bilance</div><div>&nbsp;&nbsp;<br></div></div><div><br></div></div>",CHIUSO,,,DB,85271000000092001,DB,85271000000092001,DB,85271000000092001,"2024-08-09 10:34:17","2025-02-17 11:55:39","2025-02-17 11:55:39",,,BASSA,Phone,false,false,,,SOFTWARE,SOFTWARE,,,,,0,Italian,,"Francesco Mancuso",,false,,,,"Intero Negozio",,,false,false,false,,false,false,0
1462,85271000004129001,"DB Company",85271000000007061,BORELLO,85271000000144019,"BORELLO BALANGERO",85271000000160995,balangero@borellosrl.com,0123323427,"sostituire piatto rotto","<div style=""font-size: 13px; font-family: Arial, Helvetica, sans-serif""><div>sostituire piatto rotto<br></div></div>",CHIUSO,,,DB,85271000000092001,DB,85271000000092001,DB,85271000000092001,"2024-08-29 07:45:28","2025-01-08 07:32:18","2025-01-08 07:32:18",,,BASSA,Phone,false,false,,,SOFTWARE,SOFTWARE,,,,,0,Italian,,"Francesco Mancuso",,false,,,,"Intero Negozio",,,false,false,false,,false,false,0
1493,85271000004244001,"DB Company",85271000000007061,BORELLO,85271000000144019,"BORELLO VIA CHIESA",85271000000168001,tochiesa@borellosrl.com,0112213289,"riportare la bilancia orto slave che è stata data in prestito a Leoni Laboratorio","<div style=""font-size: 13px; font-family: Arial, Helvetica, sans-serif""><div>riportare la bilancia orto slave che è stata data in prestito a Leoni Laboratorio<br></div></div>",CHIUSO,,,DB,85271000000092001,DB,85271000000092001,DB,85271000000092001,"2024-09-16 09:31:59","2025-03-11 07:51:17","2025-03-11 07:51:17",,,BASSA,Phone,false,false,,,SOFTWARE,SOFTWARE,,,,,0,Italian,,"Francesco Mancuso",,false,,,,"Intero Negozio",,,false,false,false,,false,false,0
1494,85271000004247001,"DB Company",85271000000007061,LEONI,85271000000154394,"LEONI BACONE",85271000000154406,info@macellerialeoni.com,0229406652,"sostituire bilancia del laboratorio con bilancia del banco","<div style=""font-size: 13px; font-family: Arial, Helvetica, sans-serif""><div>sostituire bilancia del laboratorio con bilancia del banco&nbsp;<br></div></div>",CHIUSO,,,DB,85271000000092001,DB,85271000000092001,DB,85271000000092001,"2024-09-16 11:02:24","2025-03-05 16:04:18","2025-03-05 16:04:18",,,BASSA,Phone,false,false,,,SOFTWARE,SOFTWARE,,,,,0,Italian,,"Francesco Mancuso",,false,,,,"Intero Negozio",,,false,false,false,,false,false,0
1552,85271000004422001,"DB Company",85271000000007061,,,"GOCCE DI CIOCCOLATO",85271000004421001,gocce@gocce.it,,"finire configurazione bilancia, passare giovedì in negozio","<div style=""font-size: 13px; font-family: Arial, Helvetica, sans-serif""><div>trovare alternativa al lotto globale per i testi delle torte, inserire data dell'ordine torte e possibilmente creare accesso a calendario consegne, ogni scontrino o ordine deve essere gestito per cliente, possibilità di inserire acconto sugli ordini, inserimento dell iva negli articoli e facilitazione gestione in cassa, inserire testi ""prova anche... sugli espresso in modo che compaiono nella riga scontrino, testi ingredienti sulle etichette, inserimento numero lotto nella tracciabilità da gestionale.</div></div>",CHIUSO,,,DB,85271000000092001,DB,85271000000092001,DB,85271000000092001,"2024-10-25 08:29:45","2025-01-22 08:22:53","2025-01-22 08:22:53",,,BASSA,Phone,false,false,,,SOFTWARE,SOFTWARE,,,,,0,Italian,,"Francesco Mancuso",,false,,,,"Intero Negozio",,,false,false,false,,false,false,0
1583,85271000004514001,"DB Company",85271000000007061,BORELLO,85271000000144019,"BORELLO VIA ASTI",85271000000168523,toasti@borellosrl.com,011883523,"gastro master sballa il peso","<div style=""direction: ltr; font-size: 13px; font-family: Arial, Helvetica, sans-serif""><div>gastro master sballa il peso&nbsp;</div></div>",CHIUSO,,,DB,85271000000092001,DB,85271000000092001,DB,85271000000092001,"2024-11-19 10:22:08","2025-03-11 07:51:13","2025-03-11 07:51:13",,,BASSA,Phone,false,false,,,SOFTWARE,SOFTWARE,,,,,0,,,"Francesco Mancuso",,false,,,,"Intero Negozio",,,false,false,false,,false,false,0
1602,85271000004562001,"DB Company",85271000000007061,BORELLO,85271000000144019,"BORELLO ROBASSOMERO",85271000000840557,robassomero@borello.it,,"Riportare Orto Slave","<div style=""direction: ltr; font-size: 13px; font-family: Arial, Helvetica, sans-serif""><div>Riportare Orto Slave</div></div>",CHIUSO,,,DB,85271000000092001,DB,85271000000092001,DB,85271000000092001,"2024-11-28 14:19:27","2025-04-15 11:21:54","2025-04-15 11:21:54",,,BASSA,Phone,false,false,,,SOFTWARE,SOFTWARE,,,,,0,,,"Enea Beheluli",,false,,,,"Intero Negozio",,,false,false,false,,false,false,0
1611,85271000004581144,"DB Company",85271000000007061,COALVI,85271000000697549,"MACELLERIA MAGNETTI",85271000000160258,die636@live.it,0118980662,"Riportare 29099425 Master quando arriva e riprendere Nostra (ex michelini)","<div style=""direction: ltr; font-size: 13px; font-family: Arial, Helvetica, sans-serif""><div>Riportare 29099425 Master quando arriva e riprendere Nostra (ex michelini)</div></div>","CHIUSA ONSITE",,,DB,85271000000092001,DB,85271000000092001,DB,85271000000092001,"2024-12-05 08:59:34","2025-01-10 07:13:50","2025-01-10 07:13:50",,,BASSA,Phone,false,false,,,SOFTWARE,SOFTWARE,,,,,0,,,"Enea Beheluli",,false,,,,"Intero Negozio",,,false,false,false,,false,false,0
1613,85271000004596001,"DB Company",85271000000007061,"CLIENTI VARI",85271000000673031,"CHE PANE",85271000004418001,chepane@pane.it,,"Riportare bilancia una volta arrivata da Dibalita, data in prestito borello robassomero orto slave","<div style=""direction: ltr; font-size: 13px; font-family: Arial, Helvetica, sans-serif""><div>Riportare bilancia una volta arrivata da Dibalita, data in prestito borello robassomero orto slave</div></div>",CHIUSO,,,DB,85271000000092001,DB,85271000000092001,DB,85271000000092001,"2024-12-06 08:30:50","2025-04-15 11:21:50","2025-04-15 11:21:50",,,BASSA,Phone,false,false,,,SOFTWARE,SOFTWARE,,,,,0,Italian,,"Enea Beheluli",,false,,,,"Intero Negozio",,,false,false,false,,false,false,0
1623,85271000004630001,"DB Company",85271000000007061,COALVI,85271000000697549,"Bottega Rotes Kalb snc di Elisabetta Consol & C. Società Agricola",85271000000807234,amministrazione@roteskalb.it,,"Preparare etichetta bizerba con articoli nuovi per etichettare","<div style=""direction: ltr; font-size: 13px; font-family: Arial, Helvetica, sans-serif""><div>Preparare etichetta bizerba con articoli nuovi per etichettare</div></div>","CHIUSA ONSITE",,,DB,85271000000092001,DB,85271000000092001,DB,85271000000092001,"2024-12-12 10:19:03","2025-03-31 07:24:09","2025-03-31 07:24:08",,,BASSA,Phone,false,false,,,SOFTWARE,SOFTWARE,,,,,0,Italian,,"Enea Beheluli",,false,,,,"Intero Negozio",,,false,false,false,,false,false,0
1624,85271000004631001,"DB Company",85271000000007061,"MACELLERIE VARIE",85271000000683624,"MACELLERIA MARCO E ELISA",85271000000802334,info@macelleriamarcoelisa.com,011/19855811,"Preparare bilancia con schermata per fatture e DDT","<div style=""direction: ltr; font-size: 13px; font-family: Arial, Helvetica, sans-serif""><div>Preparare bilancia con schermata per fatture e DDT</div></div>",CHIUSO,,,DB,85271000000092001,DB,85271000000092001,DB,85271000000092001,"2024-12-12 10:21:06","2025-02-17 14:35:16","2025-02-17 14:35:16",,,BASSA,Phone,false,false,,,SOFTWARE,SOFTWARE,,,,,0,Italian,,"Enea Beheluli",,false,,,,"Intero Negozio",,,false,false,false,,false,false,0
1629,85271000004653001,"DB Company",85271000000007061,COALVI,85271000000697549,"MACELLERIA TESTA PAOLO",85271000000802164,macelleriatesta1916@gmail.com,011.44.700.58,"Prestito D-900","<div style=""direction: ltr; font-size: 13px; font-family: Arial, Helvetica, sans-serif""><div>Prestito D-900</div></div>","CHIUSA ONSITE",,,DB,85271000000092001,DB,85271000000092001,DB,85271000000092001,"2024-12-17 16:01:36","2025-01-08 14:51:12","2025-01-08 14:51:12",,,BASSA,Phone,false,false,,,SOFTWARE,SOFTWARE,,,,,0,,,"Enea Beheluli",,false,,,,"Intero Negozio",,,false,false,false,,false,false,0
1630,85271000004654001,"DB Company",85271000000007061,"Caseificio Garda",85271000004056001,"Caseificio Garda",85271000004057001,CaseificioGarda@prova.com,,"Prestito CST 1200","<div style=""direction: ltr; font-size: 13px; font-family: Arial, Helvetica, sans-serif""><div>Prestito CST 1200</div></div>",CHIUSO,,,DB,85271000000092001,DB,85271000000092001,DB,85271000000092001,"2024-12-17 16:01:58","2025-01-21 14:53:10","2025-01-21 14:53:10",,,BASSA,Phone,false,false,,,SOFTWARE,SOFTWARE,,,,,0,,,"Enea Beheluli",,false,,,,"Intero Negozio",,,false,false,false,,false,false,0
1631,85271000004655001,"DB Company",85271000000007061,GASTRONOMIE,85271000000684276,"GRANDI GUSTI",85271000000168956,r.ciarletta@grandigustisrl.it,0119889413,"Prestito CST 1200","<div style=""direction: ltr; font-size: 13px; font-family: Arial, Helvetica, sans-serif""><div>Prestito CST 1200</div></div>","CHIUSA ONSITE",,,DB,85271000000092001,DB,85271000000092001,DB,85271000000092001,"2024-12-17 16:02:27","2025-01-08 07:31:04","2025-01-08 07:31:04",,,BASSA,Phone,false,false,,,SOFTWARE,SOFTWARE,,,,,0,,,"Enea Beheluli",,false,,,,"Intero Negozio",,,false,false,false,,false,false,0
1633,85271000004662001,"DB Company",85271000000007061,"borello sede",85271000004660001,"borello sede",85271000004661001,,,"inserire pubblicità martedì 7 gennaio - già scaricate su pc FRA","<div style=""direction: ltr; font-size: 13px; font-family: Arial, Helvetica, sans-serif""><div>inserire pubblicità martedì 7 gennaio - già scaricate su pc FRA</div></div>","CHIUSO REMOTO",,,DB,85271000000092001,DB,85271000000092001,DB,85271000000092001,"2024-12-20 11:17:40","2025-01-07 08:38:53","2025-01-07 08:38:53",,,BASSA,Phone,false,false,,,SOFTWARE,SOFTWARE,,,,,0,Italian,,"Alexandru Mihai",,false,,,,"Intero Negozio",,,false,false,false,,false,false,0
1634,85271000004669001,"DB Company",85271000000007061,BORELLO,85271000000144019,"BORELLO CASTIGLIONE 1",85271000000166139,castiglione1@borellosrl.com,0119606211,"Modificare indirizzi Ip gastro master e slave","<div style=""direction: ltr; font-size: 13px; font-family: Arial, Helvetica, sans-serif""><div>Modificare indirizzi Ip gastro master e slave&nbsp;</div></div>","CHIUSO REMOTO",,,DB,85271000000092001,DB,85271000000092001,DB,85271000000092001,"2024-12-23 09:24:41","2024-12-31 07:28:36","2024-12-31 07:28:36",,,BASSA,Phone,false,false,,,SOFTWARE,SOFTWARE,,,,,0,Italian,,"Enea Beheluli",,false,,,,"Intero Negozio",,,false,false,false,,false,false,0
1635,85271000004671001,"DB Company",85271000000007061,BARVERO,85271000000160196,"MACELLERIA BARVERO",85271000000160208,,01119380327,"dopo le feste valutare un alternativa al cavo display port che attualmente collega i due monitor esterni e che blocca la bilancia quando viene collegato","<div style=""direction: ltr; font-size: 13px; font-family: Arial, Helvetica, sans-serif""><div>dopo le feste valutare un alternativa al cavo display port che attualmente collega i due monitor esterni e che blocca la bilancia quando viene collegato</div></div>",CHIUSO,,,DB,85271000000092001,DB,85271000000092001,DB,85271000000092001,"2024-12-23 11:46:54","2024-12-31 07:31:38","2024-12-31 07:31:38",,,BASSA,Phone,false,false,,,SOFTWARE,SOFTWARE,,,,,0,Italian,,"Francesco Mancuso",,false,,,,"Intero Negozio",,,false,false,false,,false,false,0
1636,85271000004672001,"DB Company",85271000000007061,BORELLO,85271000000144019,"BORELLO SEDE",85271000000154312,info@borello.it,0119601040,"caricare pubblicità del 27 dicembre, scaricata sul pc di Enea","<div style=""direction: ltr; font-size: 13px; font-family: Arial, Helvetica, sans-serif""><div>caricare pubblicità del 27 dicembre, scaricata sul pc di Enea</div></div>",CHIUSO,,,DB,85271000000092001,DB,85271000000092001,DB,85271000000092001,"2024-12-23 11:50:39","2024-12-30 07:37:31","2024-12-31 07:30:57",,,BASSA,Phone,false,false,,,SOFTWARE,SOFTWARE,,,,,0,Italian,,"Enea Beheluli",,false,,,,"Intero Negozio",,,false,false,false,,false,false,0
1637,85271000004693001,"DB Company",85271000000007061,BORELLO,85271000000144019,"BORELLO CAFASSE",85271000000166047,cafasse2@borellosrl.com,0123341871,"Gastro Slave 1 Non riavvolge la carta","<div style=""direction: ltr; font-size: 13px; font-family: Arial, Helvetica, sans-serif""><div>Gastro Slave 1 Non riavvolge la carta</div></div>","CHIUSA ONSITE",,,DB,85271000000092001,DB,85271000000092001,DB,85271000000092001,"2025-01-07 12:01:15","2025-01-08 14:51:16","2025-01-08 14:51:16",,,BASSA,Phone,false,false,,,SOFTWARE,SOFTWARE,,,,,0,Italian,,"Enea Beheluli",,false,,,,"Intero Negozio",,,false,false,false,,false,false,0
1638,85271000004695001,"DB Company",85271000000007061,BORELLO,85271000000144019,"BORELLO CORSO RACCONIGI",85271000000168109,toracconigi@borellosrl.com,0114344386,"Bilancia da tarare gastronomia","<div style=""direction: ltr; font-size: 13px; font-family: Arial, Helvetica, sans-serif""><div>Bilancia da tarare gastronomia&nbsp;<br></div></div>","CHIUSA ONSITE",,,DB,85271000000092001,DB,85271000000092001,DB,85271000000092001,"2025-01-07 12:32:31","2025-01-30 14:57:29","2025-01-30 14:57:29",,,BASSA,Phone,false,false,,,SOFTWARE,SOFTWARE,,,,,0,,,"Alexandru Mihai",,false,,,,"Intero Negozio",,,false,false,false,,false,false,0
1644,85271000004699081,"DB Company",85271000000007061,"CLIENTI VARI",85271000000673031,"COOKING FACTORY",85271000004720017,coockingfactory@gmail.it,,"Preparare bilancia per etichettare da far visionare lunedì","<div style=""direction: ltr; font-size: 13px; font-family: Arial, Helvetica, sans-serif""><div>Preparare bilancia per etichettare da far visionare lunedì via savonarola 2m</div></div>","CHIUSA ONSITE",,,DB,85271000000092001,DB,85271000000092001,DB,85271000000092001,"2025-01-16 07:25:47","2025-01-21 07:10:24","2025-01-21 07:10:23",,,BASSA,Phone,false,false,,,SOFTWARE,SOFTWARE,,,,,0,Italian,,"Alexandru Mihai",,false,,,,"Intero Negozio",,,false,false,false,,false,false,0
1643,85271000004707017,"DB Company",85271000000007061,BORELLO,85271000000144019,"BORELLO CORSO ROSSELLI",85271000000168155,torosselli@borellosrl.com,0113146079,"sostituire testina in gastronomia","<div style=""direction: ltr; font-size: 13px; font-family: Arial, Helvetica, sans-serif""><div>sostituire testina in gastronomia&nbsp;</div></div>","CHIUSA ONSITE",,,DB,85271000000092001,DB,85271000000092001,DB,85271000000092001,"2025-01-13 12:25:30","2025-01-14 10:17:08","2025-01-14 10:17:08",,,BASSA,Phone,false,false,,,SOFTWARE,SOFTWARE,,,,,0,Italian,,"Enea Beheluli",,false,,,,"Intero Negozio",,,false,false,false,,false,false,0
1639,85271000004708001,"DB Company",85271000000007061,PANETTERIE,85271000000684330,"DE MATTEIS",85271000000792170,nfo.dematteissrl@gmail.com,011.290.138,"Portare scatola rotoli","<div style=""direction: ltr; font-size: 13px; font-family: Arial, Helvetica, sans-serif""><div>Portare scatola rotoli&nbsp;</div></div>","CHIUSA ONSITE",,,DB,85271000000092001,DB,85271000000092001,DB,85271000000092001,"2025-01-08 14:52:57","2025-01-13 07:28:23","2025-01-13 07:28:23",,,BASSA,Phone,false,false,,,SOFTWARE,SOFTWARE,,,,,0,Italian,,"Enea Beheluli",,false,,,,"Intero Negozio",,,false,false,false,,false,false,0
1642,85271000004708148,"DB Company",85271000000007061,COALVI,85271000000697549,"BINARI DEL GUSTO",85271000002599001,,,"Modificare codici lotti 2024","<div style=""direction: ltr; font-size: 13px; font-family: Arial, Helvetica, sans-serif""><div>Modificare codici lotti 2024</div></div>",CHIUSO,,,DB,85271000000092001,DB,85271000000092001,DB,85271000000092001,"2025-01-13 09:40:59","2025-01-15 07:45:06","2025-01-15 07:45:06",,,BASSA,Phone,false,false,,,SOFTWARE,SOFTWARE,,,,,0,Italian,,"Enea Beheluli",,false,,,,"Intero Negozio",,,false,false,false,,false,false,0
1646,85271000004710017,"DB Company",85271000000007061,"borello sede",85271000004720081,"borello sede",85271000004699224,,,"villanova ss asti e Rosta da inserire diciture del pane, Giolitti etichette senza intestazione","<div style=""direction: ltr; font-size: 13px; font-family: Arial, Helvetica, sans-serif""><div style=""direction: ltr""><div style=""font-family: Arial, Helvetica, sans-serif; font-size: 13px"">villanova ss asti e Rosta da inserire diciture del pane, Giolitti etichette senza intestazione<br></div><div style=""font-family: Arial, Helvetica, sans-serif; font-size: 13px""><br></div><div style="""">Prodotto decongelato<br></div><div style="""">Prodotto ottenuto da base parzialmente cotta congelato o surgelata . Dorato in questo punto vendita</div></div></div>",CHIUSO,,,DB,85271000000092001,DB,85271000000092001,DB,85271000000092001,"2025-01-16 12:47:51","2025-01-16 15:28:19","2025-01-16 15:28:19",,,BASSA,Phone,false,false,,,SOFTWARE,SOFTWARE,,,,,0,Italian,,"Francesco Mancuso",,false,,,,"Intero Negozio",,,false,false,false,,false,false,0
1640,85271000004714001,"DB Company",85271000000007061,BORELLO,85271000000144019,"BORELLO SEDE",85271000000154312,info@borello.it,0119601040,"Pubblicità 16 gennaio","<div style=""direction: ltr; font-size: 13px; font-family: Arial, Helvetica, sans-serif""><div>Pubblicità 16 gennaio</div></div>",CHIUSO,,,DB,85271000000092001,DB,85271000000092001,DB,85271000000092001,"2025-01-10 14:27:33","2025-01-16 07:26:36","2025-01-16 07:26:36",,,BASSA,Phone,false,false,,,SOFTWARE,SOFTWARE,,,,,0,Italian,,"Enea Beheluli",,false,,,,"Intero Negozio",,,false,false,false,,false,false,0
1645,85271000004716021,"DB Company",85271000000007061,COALVI,85271000002574001,"QUALITA NELLE CARNI NIZZA",85271000002575001,,,"MACELLERIA ORA SI CHIAMA LIVORIO, CAMBIARE IMMAGINI DIETRO","<div style=""direction: ltr; font-size: 13px; font-family: Arial, Helvetica, sans-serif""><div style=""direction: ltr; font-size: 13px; font-family: Arial, Helvetica, sans-serif""><div>MACELLERIA ORA SI CHIAMA LIVORIO, CAMBIARE IMMAGINI DIETRO<br></div></div><div><br></div></div>",CHIUSO,,,DB,85271000000092001,DB,85271000000092001,DB,85271000000092001,"2025-01-16 09:41:40","2025-01-16 15:28:37","2025-01-16 15:28:37",,,BASSA,Phone,false,false,,,SOFTWARE,SOFTWARE,,,,,0,,,"Francesco Mancuso",,false,,,,"Intero Negozio",,,false,false,false,,false,false,0
1641,85271000004718001,"DB Company",85271000000007061,"Sigma Ex Galetto",85271000004716001,"Sigma Ex Galetto",85271000004717001,,,"Aggiornamento Sigma il 22/23 gennaio , da mandare ancora preventivo","<div style=""direction: ltr; font-size: 13px; font-family: Arial, Helvetica, sans-serif""><div>Aggiornamento Sigma il 22/23 gennaio , da mandare ancora preventivo&nbsp;</div></div>","CHIUSO REMOTO",,,DB,85271000000092001,DB,85271000000092001,DB,85271000000092001,"2025-01-13 07:38:15","2025-01-24 08:26:36","2025-01-24 08:26:36",,,BASSA,Phone,false,false,,,SOFTWARE,SOFTWARE,,,,,0,Italian,,"Alexandru Mihai",,false,,,,"Intero Negozio",,,false,false,false,,false,false,0
1647,85271000004718140,"DB Company",85271000000007061,KAPPA2,85271000000149832,"KAPPA 2 PASSO BARSANTI",85271000000149844,,0102789825,"controllare variazioni in gastronomia","<div style=""direction: ltr; font-size: 13px; font-family: Arial, Helvetica, sans-serif""><div>controllare variazioni in gastronomia</div></div>",CHIUSO,,,DB,85271000000092001,DB,85271000000092001,DB,85271000000092001,"2025-01-16 14:19:38","2025-01-16 15:28:34","2025-01-16 15:28:34",,,BASSA,Phone,false,false,,,SOFTWARE,SOFTWARE,,,,,0,Italian,,"Francesco Mancuso",,false,,,,"Intero Negozio",,,false,false,false,,false,false,0
1648,85271000004722001,"DB Company",85271000000007061,BORELLO,85271000000144019,"BORELLO CAFASSE",85271000000166047,cafasse2@borellosrl.com,0123341871,"cambiare testina di una bilancia in gastronomia","<div style=""direction: ltr; font-size: 13px; font-family: Arial, Helvetica, sans-serif""><div>cambiare testina di una bilancia in gastronomia</div></div>",CHIUSO,,,DB,85271000000092001,DB,85271000000092001,DB,85271000000092001,"2025-01-16 14:21:59","2025-01-17 11:49:20","2025-01-17 11:49:20",,,BASSA,Phone,false,false,,,SOFTWARE,SOFTWARE,,,,,0,Italian,,"Enea Beheluli",,false,,,,"Intero Negozio",,,false,false,false,,false,false,0
1649,85271000004728001,"DB Company",85271000000007061,BORELLO,85271000000144019,"BORELLO VENARIA 2",85271000000167129,venaria2@borellosrl.com,0114591977,"etichetta sbagliata in gastro","<div style=""direction: ltr; font-size: 13px; font-family: Arial, Helvetica, sans-serif""><div>etichetta sbagliata in gastro</div></div>",CHIUSO,,,DB,85271000000092001,DB,85271000000092001,DB,85271000000092001,"2025-01-17 10:56:22","2025-01-17 11:49:16","2025-01-17 11:49:16",,,BASSA,Phone,false,false,,,SOFTWARE,SOFTWARE,,,,,0,Italian,,"Enea Beheluli",,false,,,,"Intero Negozio",,,false,false,false,,false,false,0
1650,85271000004732001,"DB Company",85271000000007061,BORELLO,85271000000144019,"BORELLO SAN BENIGNO",85271000000166821,sanbenigno@borellosrl.com,0119880620,"bilance gastronomie rallentate da ricerca data server","<div style=""direction: ltr; font-size: 13px; font-family: Arial, Helvetica, sans-serif""><div>bilance gastronomie rallentate da ricerca data server</div></div>",CHIUSO,,,DB,85271000000092001,DB,85271000000092001,DB,85271000000092001,"2025-01-17 11:38:20","2025-01-17 12:11:45","2025-01-17 12:11:45",,,BASSA,Phone,false,false,,,SOFTWARE,SOFTWARE,,,,,0,Italian,,"Francesco Mancuso",,false,,,,"Intero Negozio",,,false,false,false,,false,false,0
1651,85271000004735001,"DB Company",85271000000007061,PANFE,85271000000169114,"PANFE VIA CERNAIA",85271000000808926,,"011 454 6524","controllare come mai non viene azzerato ogni giorno il numero scontrino","<div style=""direction: ltr; font-size: 13px; font-family: Arial, Helvetica, sans-serif""><div>controllare come mai non viene azzerato ogni giorno il numero scontrino</div></div>","CHIUSO REMOTO",,,DB,85271000000092001,DB,85271000000092001,DB,85271000000092001,"2025-01-17 12:13:07","2025-01-17 12:14:48","2025-01-17 12:14:48",,,BASSA,Phone,false,false,,,SOFTWARE,SOFTWARE,,,,,0,Italian,,"Francesco Mancuso",,false,,,,"Intero Negozio",,,false,false,false,,false,false,0
1652,85271000004738017,"DB Company",85271000000007061,"borello sede",85271000004734049,"borello sede",85271000004740001,,,"testare cambio nome reparti da remoto","<div style=""direction: ltr; font-size: 13px; font-family: Arial, Helvetica, sans-serif""><div>testare cambio nome reparti da remoto</div></div>",CHIUSO,,,DB,85271000000092001,DB,85271000000092001,DB,85271000000092001,"2025-01-20 07:41:52","2025-01-21 08:26:27","2025-01-21 08:26:27",,,BASSA,Phone,false,false,,,SOFTWARE,SOFTWARE,,,,,0,,,"Francesco Mancuso",,false,,,,"Intero Negozio",,,false,false,false,,false,false,0
1653,85271000004741001,"DB Company",85271000000007061,EMME4,85271000000138569,"EMME4 SEDE",85271000000149159,m.piatti@masstp.it,0332812775,"lunedì pomeriggio eseguire test di connessione con PANTA REI per estrazione dati da database","<div style=""direction: ltr; font-size: 13px; font-family: Arial, Helvetica, sans-serif""><div>lunedì pomeriggio eseguire test di connessione con PANTA REI per estrazione dati da database</div></div>","CHIUSO REMOTO",,,DB,85271000000092001,DB,85271000000092001,DB,85271000000092001,"2025-01-20 08:00:47","2025-01-21 15:04:17","2025-01-21 15:04:17",,,BASSA,Phone,false,false,,,SOFTWARE,SOFTWARE,,,,,0,Italian,,"Francesco Mancuso",,false,,,,"Intero Negozio",,,false,false,false,,false,false,0
1654,85271000004743001,"DB Company",85271000000007061,"Dbcompany S.r.l",85271000004742001,"Dbcompany S.r.l",85271000004735144,,,"prendere una scatola 80 x 98 per Bell e Buon e due scatole per Mazzè, due scatole carta continua termica adesiva per Mazzè e 2 scatole 58x 92 per caseificio Garda","<div style=""direction: ltr; font-size: 13px; font-family: Arial, Helvetica, sans-serif""><div>prendere una scatola 80 x 98 per Bell e Buon e due scatole per Mazzè, due scatole carta continua termica adesiva per Mazzè e 2 scatole 58x 92 per caseificio Garda&nbsp;</div></div>",CHIUSO,,,DB,85271000000092001,DB,85271000000092001,DB,85271000000092001,"2025-01-20 08:11:32","2025-01-21 14:53:01","2025-01-21 14:53:01",,,BASSA,Phone,false,false,,,SOFTWARE,SOFTWARE,,,,,0,Italian,,"Francesco Mancuso",,false,,,,"Intero Negozio",,,false,false,false,,false,false,0
1655,85271000004743140,"DB Company",85271000000007061,"Caseificio Garda",85271000004056001,"Caseificio Garda",85271000004057001,CaseificioGarda@prova.com,,"portare due bilance per il nuovo negozio, ritirare quella lasciata in prestito e consegnare 2 scatole di rotoli","<div style=""direction: ltr; font-size: 13px; font-family: Arial, Helvetica, sans-serif""><div>portare due bilance per il nuovo negozio, ritirare quella lasciata in prestito e consegnare 2 scatole di rotoli</div></div>","CHIUSA ONSITE",,,DB,85271000000092001,DB,85271000000092001,DB,85271000000092001,"2025-01-21 14:52:54","2025-01-27 09:23:33","2025-01-27 09:23:33",,,BASSA,Phone,false,false,,,SOFTWARE,SOFTWARE,,,,,0,Italian,,"Francesco Mancuso",,false,,,,"Intero Negozio",,,false,false,false,,false,false,0
1656,85271000004750001,"DB Company",85271000000007061,EMME4,85271000000138569,"EMME4 PARABIAGO SEMPIONE",85271000000149037,EMME4SEMPIONE@LIBERO.IT,0331497995,"verificare plu 117 mazzancolla 29,90","<div style=""direction: ltr; font-size: 13px; font-family: Arial, Helvetica, sans-serif""><div>verificare plu 17 mazzancolla 29,90</div></div>",CHIUSO,,,DB,85271000000092001,DB,85271000000092001,DB,85271000000092001,"2025-01-22 09:14:18","2025-01-23 16:27:44","2025-01-23 16:27:44",,,BASSA,Phone,false,false,,,SOFTWARE,SOFTWARE,,,,,0,Italian,,"Francesco Mancuso",,false,,,,"Intero Negozio",,,false,false,false,,false,false,0
1657,85271000004750148,"DB Company",85271000000007061,PANFE,85271000000169114,"PANFE' SEDE",85271000000169126,info@panfe.it,0174554242,"Apertura MERCOLEDI 5 FEBBRAIO MOSCATI 2 BILANCE","<div style=""direction: ltr; font-size: 13px; font-family: Arial, Helvetica, sans-serif""><div>Apertura MERCOLEDI 5 FEBBRAIO MOSCATI 2 BILANCE</div></div>","CHIUSA ONSITE",,,DB,85271000000092001,DB,85271000000092001,DB,85271000000092001,"2025-01-22 14:49:54","2025-02-06 07:49:06","2025-02-06 07:49:06",,,BASSA,Phone,false,false,,,SOFTWARE,SOFTWARE,,,,,0,,,"Enea Beheluli",,false,,,,"Intero Negozio",,,false,false,false,,false,false,0
1658,85271000004757001,"DB Company",85271000000007061,"DB COMPANY",85271000000146903,assistenza,85271000000173125,assistenza@dbcompanysrl.it,,"Lunedi configurare cassa con powerline cliente Alpignano","<div style=""direction: ltr; font-size: 13px; font-family: Arial, Helvetica, sans-serif""><div>Lunedi configurare cassa con powerline cliente Alpignano</div></div>",CHIUSO,,,DB,85271000000092001,DB,85271000000092001,DB,85271000000092001,"2025-01-22 15:56:58","2025-01-24 08:27:31","2025-01-24 08:27:31",,,BASSA,Phone,false,false,,,SOFTWARE,SOFTWARE,,,,,0,Italian,,"Enea Beheluli",,false,,,,"Intero Negozio",,,false,false,false,,false,false,0
1659,85271000004758001,"DB Company",85271000000007061,GALETTO,85271000000318129,"GALETTO SAN GIORGIO",85271000000318141,,0124325418,"29/01 cambiare logo su scontrini etichette e pubblicità da crai a Sigma","<div style=""direction: ltr; font-size: 13px; font-family: Arial, Helvetica, sans-serif""><div style=""direction: ltr; font-size: 13px; font-family: Arial, Helvetica, sans-serif""><div>29/01 cambiare logo su scontrini etichette e pubblicità da crai a Sigma<br></div></div><div><br></div></div>","CHIUSO REMOTO",,,DB,85271000000092001,DB,85271000000092001,DB,85271000000092001,"2025-01-23 07:42:28","2025-01-29 10:11:18","2025-01-29 10:11:18",,,BASSA,Phone,false,false,,,SOFTWARE,SOFTWARE,,,,,0,Italian,,"Francesco Mancuso",,false,,,,"Intero Negozio",,,false,false,false,,false,false,0
1660,85271000004763001,"DB Company",85271000000007061,BORELLO,85271000000144019,"BORELLO SEDE",85271000000154312,info@borello.it,0119601040,"Inviare il nuovo formato a tutte le bilance","<div style=""direction: ltr; font-size: 13px; font-family: Arial, Helvetica, sans-serif""><div>Inviare il nuovo formato a tutte le bilance</div></div>","CHIUSO REMOTO",,,DB,85271000000092001,DB,85271000000092001,DB,85271000000092001,"2025-01-24 08:26:06","2025-01-24 08:27:36","2025-01-24 08:27:36",,,BASSA,Phone,false,false,,,SOFTWARE,SOFTWARE,,,,,0,Italian,,"Enea Beheluli",,false,,,,"Intero Negozio",,,false,false,false,,false,false,0
1661,85271000004767049,"DB Company",85271000000007061,BORELLO,85271000000144019,"BORELLO ROSTA",85271000000166729,rosta@borellosrl.com,0119942842,"Cambiare 2/3 testine in gastro, non passano con il barcode alcuni articoli","<div style=""direction: ltr; font-size: 13px; font-family: Arial, Helvetica, sans-serif""><div>Cambiare 2/3 testine in gastro, non passano con il barcode alcuni articoli</div></div>","CHIUSA ONSITE",,,DB,85271000000092001,DB,85271000000092001,DB,85271000000092001,"2025-01-27 11:25:24","2025-01-30 14:57:20","2025-01-30 14:57:20",,,BASSA,Phone,false,false,,,SOFTWARE,SOFTWARE,,,,,0,Italian,,"Enea Beheluli",,false,,,,"Intero Negozio",,,false,false,false,,false,false,0
1662,85271000004771001,"DB Company",85271000000007061,BORELLO,85271000000144019,"BORELLO SEDE",85271000000154312,info@borello.it,0119601040,"Pubblicita 30 gennaio","<div style=""direction: ltr; font-size: 13px; font-family: Arial, Helvetica, sans-serif""><div>Pubblicita 30 gennaio</div></div>","CHIUSO REMOTO",,,DB,85271000000092001,DB,85271000000092001,DB,85271000000092001,"2025-01-27 12:05:55","2025-01-30 14:57:15","2025-01-30 14:57:14",,,BASSA,Phone,false,false,,,SOFTWARE,SOFTWARE,,,,,0,Italian,,"Enea Beheluli",,false,,,,"Intero Negozio",,,false,false,false,,false,false,0
1663,85271000004772001,"DB Company",85271000000007061,BORELLO,85271000000144019,"BORELLO CORSO RACCONIGI",85271000000168109,toracconigi@borellosrl.com,0114344386,"testina rigata in gastronomia","<div style=""direction: ltr; font-size: 13px; font-family: Arial, Helvetica, sans-serif""><div>testina rigata in gastronomia</div></div>","CHIUSA ONSITE",,,DB,85271000000092001,DB,85271000000092001,DB,85271000000092001,"2025-01-27 14:55:04","2025-01-30 14:56:09","2025-01-30 14:56:09",,,BASSA,Phone,false,false,,,SOFTWARE,SOFTWARE,,,,,0,Italian,,"Francesco Mancuso",,false,,,,"Intero Negozio",,,false,false,false,,false,false,0
1664,85271000004782001,"DB Company",85271000000007061,SAYMAS,85271000000806780,"EUROSPIN RIVOLI",85271000000173506,RIVOLIEURO@LIBERO.IT,0457862000,"portare bilancia Tornado per sostituzione","<div style=""direction: ltr; font-size: 13px; font-family: Arial, Helvetica, sans-serif""><div style=""direction: ltr; font-size: 13px; font-family: Arial, Helvetica, sans-serif""><div>portare bilancia Tornado per sostituzione<br></div></div><div><br></div></div>","CHIUSA ONSITE",,,DB,85271000000092001,DB,85271000000092001,DB,85271000000092001,"2025-01-28 11:15:28","2025-01-30 14:56:04","2025-01-30 14:56:04",,,BASSA,Phone,false,false,,,SOFTWARE,SOFTWARE,,,,,0,Italian,,"Francesco Mancuso",,false,,,,"Intero Negozio",,,false,false,false,,false,false,0
1665,85271000004790001,"DB Company",85271000000007061,"Caseificio Garda",85271000004056001,"Caseificio Garda",85271000004057001,CaseificioGarda@prova.com,,"ingrandire tasti articolo nel contenitore, aggiornare le bilance con la stessa anagrafica e trovare un modo per esportare ed importare facilmente backup","<div style=""direction: ltr; font-size: 13px; font-family: Arial, Helvetica, sans-serif""><div>ingrandire tasti articolo nel contenitore, aggiornare le bilance con la stessa anagrafica e trovare un modo per esportare ed importare facilmente backup</div></div>","CHIUSO REMOTO",,,DB,85271000000092001,DB,85271000000092001,DB,85271000000092001,"2025-01-29 09:37:03","2025-01-31 09:59:12","2025-01-31 09:59:11",,,BASSA,Phone,false,false,,,SOFTWARE,SOFTWARE,,,,,0,Italian,,"Francesco Mancuso",,false,,,,"Intero Negozio",,,false,false,false,,false,false,0
1666,85271000004795001,"DB Company",85271000000007061,"kappa 2",85271000004175001,"kappa 2",85271000004176001,,,"Sistemare tasto stampa etichetta in orto","<div style=""direction: ltr; font-size: 13px; font-family: Arial, Helvetica, sans-serif""><div>Sistemare tasto stampa etichetta in orto</div></div>","CHIUSO REMOTO",,,DB,85271000000092001,DB,85271000000092001,DB,85271000000092001,"2025-01-29 11:58:01","2025-01-30 07:40:45","2025-01-30 07:40:45",,,BASSA,Phone,false,false,,,SOFTWARE,SOFTWARE,,,,,0,Italian,,"Enea Beheluli",,false,,,,"Intero Negozio",,,false,false,false,,false,false,0
1667,85271000004797001,"DB Company",85271000000007061,LEONI,85271000000154394,"LEONI VIA EUSTACHI",85271000000154440,,,"Inserire prezzo su etichetta","<div style=""direction: ltr; font-size: 13px; font-family: Arial, Helvetica, sans-serif""><div>Inserire prezzo su etichetta</div></div>","CHIUSO REMOTO",,,DB,85271000000092001,DB,85271000000092001,DB,85271000000092001,"2025-01-29 12:01:36","2025-01-30 07:07:03","2025-01-30 07:07:03",,,BASSA,Phone,false,false,,,SOFTWARE,SOFTWARE,,,,,0,Italian,,"Enea Beheluli",,false,,,,"Intero Negozio",,,false,false,false,,false,false,0
1668,85271000004804001,"DB Company",85271000000007061,"kappa 2",85271000004175001,"kappa 2",85271000004176001,,,"Barsanti Orto 2 e Sarzano Orto 1 da fare tasto","<div style=""direction: ltr; font-size: 13px; font-family: Arial, Helvetica, sans-serif""><div>Barsanti Orto 2 e Sarzano Orto 1 da fare tasto&nbsp;</div></div>","CHIUSO REMOTO",,,DB,85271000000092001,DB,85271000000092001,DB,85271000000092001,"2025-01-30 07:41:14","2025-01-31 10:23:59","2025-01-31 10:23:59",,,BASSA,Phone,false,false,,,SOFTWARE,SOFTWARE,,,,,0,,,"Enea Beheluli",,false,,,,"Intero Negozio",,,false,false,false,,false,false,0
1669,85271000004811001,"DB Company",85271000000007061,GALETTO,85271000000318129,"GALETTO SAN GIORGIO",85271000000318141,,0124325418,"Venerdi Prova di rete per bilancia offline","<div style=""direction: ltr; font-size: 13px; font-family: Arial, Helvetica, sans-serif""><div>Venerdi Prova di rete per bilancia offline</div></div>","CHIUSO REMOTO",,,DB,85271000000092001,DB,85271000000092001,DB,85271000000092001,"2025-01-30 16:00:23","2025-01-31 09:18:42","2025-01-31 09:18:42",,,BASSA,Phone,false,false,,,SOFTWARE,SOFTWARE,,,,,0,Italian,,"Enea Beheluli",,false,,,,"Intero Negozio",,,false,false,false,,false,false,0
1670,85271000004813001,"DB Company",85271000000007061,EUROSPIN,85271000000197001,"EUROSPIN OSASCO",85271000000197013,,0121541094,"Lunedi fare chiusura al mattino","<div style=""direction: ltr; font-size: 13px; font-family: Arial, Helvetica, sans-serif""><div>Lunedi fare chiusura al mattino&nbsp;</div></div>","CHIUSO REMOTO",,,DB,85271000000092001,DB,85271000000092001,DB,85271000000092001,"2025-01-31 11:26:14","2025-02-03 16:07:35","2025-02-03 16:07:35",,,BASSA,Phone,false,false,,,SOFTWARE,SOFTWARE,,,,,0,Italian,,"Enea Beheluli",,false,,,,"Intero Negozio",,,false,false,false,,false,false,0
1671,85271000004815001,"DB Company",85271000000007061,"borello sede",85271000004734049,"borello sede",85271000004740001,,,"verificare stato pulizia database ed estrazioni","<div style=""direction: ltr; font-size: 13px; font-family: Arial, Helvetica, sans-serif""><div>verificare stato pulizia database ed estrazioni</div></div>","CHIUSO REMOTO",,,DB,85271000000092001,DB,85271000000092001,DB,85271000000092001,"2025-02-03 07:00:35","2025-02-10 14:25:11","2025-02-10 14:25:11",,,BASSA,Phone,false,false,,,SOFTWARE,SOFTWARE,,,,,0,Italian,,"Francesco Mancuso",,false,,,,"Intero Negozio",,,false,false,false,,false,false,0
1672,85271000004817001,"DB Company",85271000000007061,COALVI,85271000000697549,"Lillo Settimo",85271000002289001,lillosettimo@gmail.it,,"andare in negozio a vedere che modifiche vogliono sull'etichetta","<div style=""direction: ltr; font-size: 13px; font-family: Arial, Helvetica, sans-serif""><div>andare in negozio a vedere che modifiche vogliono sull'etichetta</div></div>",CHIUSO,,,DB,85271000000092001,DB,85271000000092001,DB,85271000000092001,"2025-02-03 07:03:20","2025-02-03 09:44:11","2025-02-03 09:44:11",,,BASSA,Phone,false,false,,,SOFTWARE,SOFTWARE,,,,,0,Italian,,"Francesco Mancuso",,false,,,,"Intero Negozio",,,false,false,false,,false,false,0
1673,85271000004818001,"DB Company",85271000000007061,PANETTERIE,85271000000684330,"DE MATTEIS",85271000000792170,nfo.dematteissrl@gmail.com,011.290.138,"proporre di darci una delle loro bilance","<div style=""direction: ltr; font-size: 13px; font-family: Arial, Helvetica, sans-serif""><div>proporre di darci una delle loro bilance</div></div>",CHIUSO,,,DB,85271000000092001,DB,85271000000092001,DB,85271000000092001,"2025-02-03 07:25:30","2025-02-03 10:15:17","2025-02-03 10:15:17",,,BASSA,Phone,false,false,,,SOFTWARE,SOFTWARE,,,,,0,Italian,,"Francesco Mancuso",,false,,,,"Intero Negozio",,,false,false,false,,false,false,0
1675,85271000004818148,"DB Company",85271000000007061,,,"Borello Chivasso",85271000002293001,Borellochivasso@gmail.com,,"Mace Master pesa male","<div style=""direction: ltr; font-size: 13px; font-family: Arial, Helvetica, sans-serif""><div>Mace Master pesa male</div></div>","CHIUSA ONSITE",,,DB,85271000000092001,DB,85271000000092001,DB,85271000000092001,"2025-02-03 10:44:07","2025-02-06 07:48:57","2025-02-06 07:48:57",,,BASSA,Phone,false,false,,,SOFTWARE,SOFTWARE,,,,,0,,,"Enea Beheluli",,false,,,,"Intero Negozio",,,false,false,false,,false,false,0
1674,85271000004819001,"DB Company",85271000000007061,COALVI,85271000000697549,"BINARI DEL GUSTO",85271000002599001,,,"scontrino viene stampato sbiadito nella parte laterale","<div style=""direction: ltr; font-size: 13px; font-family: Arial, Helvetica, sans-serif""><div>scontrino viene stampato sbiadito nella parte laterale</div></div>",CHIUSO,,,DB,85271000000092001,DB,85271000000092001,DB,85271000000092001,"2025-02-03 09:44:00","2025-02-07 07:29:14","2025-02-07 07:29:14",,,BASSA,Phone,false,false,,,SOFTWARE,SOFTWARE,,,,,0,Italian,,"Francesco Mancuso",,false,,,,"Intero Negozio",,,false,false,false,,false,false,0
1676,85271000004820001,"DB Company",85271000000007061,GALETTO,85271000000318129,"GALETTO AGLIE",85271000000318181,,,"mercoledì 05/02 inserire immagini Sigma","<div style=""direction: ltr; font-size: 13px; font-family: Arial, Helvetica, sans-serif""><div>mercoledì 05/02 inserire immagini Sigma</div></div>",CHIUSO,,,DB,85271000000092001,DB,85271000000092001,DB,85271000000092001,"2025-02-03 11:05:55","2025-02-05 09:17:33","2025-02-05 09:17:33",,,BASSA,Phone,false,false,,,SOFTWARE,SOFTWARE,,,,,0,Italian,,"Francesco Mancuso",,false,,,,"Intero Negozio",,,false,false,false,,false,false,0
1677,85271000004821001,"DB Company",85271000000007061,"MACELLERIE VARIE",85271000000683624,"AGRIMACELLERIA BIASIN",85271000000797471,info@macelleriabiasin.it,,"bilance con memoria piena","<div style=""direction: ltr; font-size: 13px; font-family: Arial, Helvetica, sans-serif""><div>bilance con memoria piena</div></div>","CHIUSO REMOTO",,,DB,85271000000092001,DB,85271000000092001,DB,85271000000092001,"2025-02-03 14:03:35","2025-02-04 07:14:21","2025-02-04 07:14:21",,,BASSA,Phone,false,false,,,SOFTWARE,SOFTWARE,,,,,0,,,"Francesco Mancuso",,false,,,,"Intero Negozio",,,false,false,false,,false,false,0
1678,85271000004827001,"DB Company",85271000000007061,GASTRONOMIE,85271000000684276,"GRANDI GUSTI",85271000000168956,r.ciarletta@grandigustisrl.it,0119889413,"impostare etichetta 80x110 in 3 lingue","<div style=""direction: ltr; font-size: 13px; font-family: Arial, Helvetica, sans-serif""><div>impostare etichetta 80x110 in 3 lingue<br></div><div><br></div><div><br></div><div>non ci deve essere il logo, ma in fondo scrivere prodotto e confezionato nello stabilimento&nbsp;</div></div>",CHIUSO,,,DB,85271000000092001,DB,85271000000092001,DB,85271000000092001,"2025-02-04 07:35:57","2025-02-07 13:03:29","2025-02-07 13:03:29",,,BASSA,Phone,false,false,,,SOFTWARE,SOFTWARE,,,,,0,Italian,,"Francesco Mancuso",,false,,,,"Intero Negozio",,,false,false,false,,false,false,0
1681,85271000004827156,"DB Company",85271000000007061,KAPPA2,85271000000149832,"KAPPA2 MARTINETTI",85271000000149912,,0106457520,"plu  204 Girello spalla bov, senza testi e scadenza","<div style=""direction: ltr; font-size: 13px; font-family: Arial, Helvetica, sans-serif""><div>plu&nbsp; 204 Girello spalla bov, senza testi e scadenza</div></div>",CHIUSO,,,DB,85271000000092001,DB,85271000000092001,DB,85271000000092001,"2025-02-04 08:34:15","2025-02-04 08:38:31","2025-02-04 08:38:31",,,BASSA,Phone,false,false,,,SOFTWARE,SOFTWARE,,,,,0,Italian,,"Francesco Mancuso",,false,,,,"Intero Negozio",,,false,false,false,,false,false,0
1682,85271000004827299,"DB Company",85271000000007061,BORELLO,85271000000144019,"BORELLO VIA GOITO",85271000000168293,togoito@borellosrl.com,0116596068,"bilancia preme il tasto 4 in autonomia e da problemi nello scorrimento della carta","<div style=""direction: ltr; font-size: 13px; font-family: Arial, Helvetica, sans-serif""><div>bilancia preme il tasto 4 in autonomia e da problemi nello scorrimento della carta</div></div>",CHIUSO,,,DB,85271000000092001,DB,85271000000092001,DB,85271000000092001,"2025-02-04 11:37:41","2025-02-07 07:29:20","2025-02-07 07:29:20",,,BASSA,Phone,false,false,,,SOFTWARE,SOFTWARE,,,,,0,Italian,,"Francesco Mancuso",,false,,,,"Intero Negozio",,,false,false,false,,false,false,0
1679,85271000004831001,"DB Company",85271000000007061,EUROSPIN,85271000000197001,"EUROSPIN OSASCO",85271000000197013,,0121541094,"bilancia gastronomia stampa con delle righe","<div style=""direction: ltr; font-size: 13px; font-family: Arial, Helvetica, sans-serif""><div>bilancia gastronomia stampa con delle righe</div></div>","CHIUSA ONSITE",,,DB,85271000000092001,DB,85271000000092001,DB,85271000000092001,"2025-02-04 08:11:26","2025-02-06 10:42:56","2025-02-06 10:42:56",,,BASSA,Phone,false,false,,,SOFTWARE,SOFTWARE,,,,,0,Italian,,"Francesco Mancuso",,false,,,,"Intero Negozio",,,false,false,false,,false,false,0
1680,85271000004833001,"DB Company",85271000000007061,"CLIENTI VARI",85271000000673031,FICINI,85271000001645001,FICINI@FICINI.IT,,"mandare video su come eliminare da bilancia tutti gli articoli di una sezione e la sezione","<div style=""direction: ltr; font-size: 13px; font-family: Arial, Helvetica, sans-serif""><div>mandare video su come eliminare da bilancia tutti gli articoli di una sezione e la sezione</div></div>",CHIUSO,,,DB,85271000000092001,DB,85271000000092001,DB,85271000000092001,"2025-02-04 08:24:04","2025-02-04 11:09:49","2025-02-04 11:09:49",,,BASSA,Phone,false,false,,,SOFTWARE,SOFTWARE,,,,,0,Italian,,"Francesco Mancuso",,false,,,,"Intero Negozio",,,false,false,false,,false,false,0
1683,85271000004837001,"DB Company",85271000000007061,,,tenivella,85271000002923001,,,"bilancia offline e lotti in errore quando vengono acquisiti","<div style=""direction: ltr; font-size: 13px; font-family: Arial, Helvetica, sans-serif""><div>bilancia offline e lotti in errore quando vengono acquisiti</div></div>",CHIUSO,,,DB,85271000000092001,DB,85271000000092001,DB,85271000000092001,"2025-02-04 12:18:17","2025-02-04 14:07:33","2025-02-04 14:07:33",,,BASSA,Phone,false,false,,,SOFTWARE,SOFTWARE,,,,,0,Italian,,"Francesco Mancuso",,false,,,,"Intero Negozio",,,false,false,false,,false,false,0
1684,85271000004839001,"DB Company",85271000000007061,MAREL,85271000004931158,"CRAI VIA SAN GIORGIO",85271000003021001,,0124325418,"installazione di 2 bilance gastronomia, 1 orto (già in negozio) e 1 macelleria. Apertura il 20/02, installazione  il 18/02","<div style=""direction: ltr; font-size: 13px; font-family: Arial, Helvetica, sans-serif""><div>installazione di 2 bilance gastronomia, 1 orto (già in negozio) e 1 macelleria. Apertura il 20/02, installazione&nbsp; il 18/02.&nbsp;<br></div><div><br></div><div>Fare copia di via Vernazza</div><div><br></div></div>","CHIUSA ONSITE",,,DB,85271000000092001,DB,85271000000092001,DB,85271000000092001,"2025-02-05 07:32:37","2025-02-27 07:30:49","2025-03-03 09:11:31",,,BASSA,Phone,false,false,,,SOFTWARE,SOFTWARE,,,,,0,Italian,,"Francesco Mancuso",,false,,,,"Intero Negozio",,,false,false,false,,false,false,0
1685,85271000004840001,"DB Company",85271000000007061,BORELLO,85271000000144019,"BORELLO RIVA PRESSO CHIERI",85271000000166639,riva@borellosrl.com,0119425442,"bilancia gastro master peso instabile","<div style=""direction: ltr; font-size: 13px; font-family: Arial, Helvetica, sans-serif""><div>bilancia gastro master peso instabile</div></div>","CHIUSO REMOTO",,,DB,85271000000092001,DB,85271000000092001,DB,85271000000092001,"2025-02-05 07:46:12","2025-02-17 11:57:53","2025-02-17 11:57:53",,,BASSA,Phone,false,false,,,SOFTWARE,SOFTWARE,,,,,0,,,"Francesco Mancuso",,false,,,,"Intero Negozio",,,false,false,false,,false,false,0
1686,85271000004841001,"DB Company",85271000000007061,,,"borello sede",85271000004553001,,,"verificare formati etichette errati in alcuni negozi, tra cui sicuramente giaveno e villardora","<div style=""direction: ltr; font-size: 13px; font-family: Arial, Helvetica, sans-serif""><div>verificare formati etichette errati in alcuni negozi, tra cui sicuramente giaveno e villardora<br></div></div>","CHIUSO REMOTO",,,DB,85271000000092001,DB,85271000000092001,DB,85271000000092001,"2025-02-05 07:48:37","2025-02-06 07:48:45","2025-02-06 07:48:45",,,BASSA,Phone,false,false,,,SOFTWARE,SOFTWARE,,,,,0,Italian,,"Francesco Mancuso",,false,,,,"Intero Negozio",,,false,false,false,,false,false,0
1687,85271000004842001,"DB Company",85271000000007061,ARIMONDO,85271000000154344,"tallone sede",85271000003618001,tallone@tallone.it,,"ventimiglia vuole partire con la tracciabilità","<div style=""direction: ltr; font-size: 13px; font-family: Arial, Helvetica, sans-serif""><div>Ventimiglia vuole partire con la tracciabilità<br></div><div><br></div><div>Vorranno inoltre gestire i prezzi diversi a seconda del peso degli articoli (gestendo la cosa da remoto)</div></div>",CHIUSO,,,DB,85271000000092001,DB,85271000000092001,DB,85271000000092001,"2025-02-05 16:04:53","2025-02-10 11:22:48","2025-02-10 11:22:48",,,BASSA,Phone,false,false,,,SOFTWARE,SOFTWARE,,,,,0,Italian,,"Francesco Mancuso",,false,,,,"Intero Negozio",,,false,false,false,,false,false,0
1688,85271000004851001,"DB Company",85271000000007061,EMME4,85271000000138569,"Artisti del Gusto Cadore",85271000004414144,,,"Lunedi configurare Chrome remote","<div style=""direction: ltr; font-size: 13px; font-family: Arial, Helvetica, sans-serif""><div>Lunedi configurare Chrome remote</div></div>","CHIUSO REMOTO",,,DB,85271000000092001,DB,85271000000092001,DB,85271000000092001,"2025-02-06 15:36:44","2025-02-10 09:37:47","2025-02-10 09:37:46",,,BASSA,Phone,false,false,,,SOFTWARE,SOFTWARE,,,,,0,,,"Enea Beheluli",,false,,,,"Intero Negozio",,,false,false,false,,false,false,0
1689,85271000004854001,"DB Company",85271000000007061,"Caseificio Garda",85271000004056001,"Caseificio Garda",85271000004057001,CaseificioGarda@prova.com,,"inserire barcode forniti da unicode quando li forniranno","<div style=""direction: ltr; font-size: 13px; font-family: Arial, Helvetica, sans-serif""><div>inserire barcode forniti da unicode quando li forniranno</div></div>",CHIUSO,,,DB,85271000000092001,DB,85271000000092001,DB,85271000000092001,"2025-02-07 12:01:27","2025-02-14 07:15:50","2025-02-14 07:15:50",,,BASSA,Phone,false,false,,,SOFTWARE,SOFTWARE,,,,,0,Italian,,"Francesco Mancuso",,false,,,,"Intero Negozio",,,false,false,false,,false,false,0
1690,85271000004864001,"DB Company",85271000000007061,GASTRONOMIE,85271000000684276,"GRANDI GUSTI",85271000000168956,r.ciarletta@grandigustisrl.it,0119889413,"Creare nuova etichetta con due loghi e descrizione articolo","<div style=""direction: ltr; font-size: 13px; font-family: Arial, Helvetica, sans-serif""><div>Creare nuova etichetta con due loghi e descrizione articolo</div></div>",CHIUSO,,,DB,85271000000092001,DB,85271000000092001,DB,85271000000092001,"2025-02-10 16:17:02","2025-02-17 11:56:03","2025-02-17 11:56:03",,,BASSA,Phone,false,false,,,SOFTWARE,SOFTWARE,,,,,0,Italian,,"Enea Beheluli",,false,,,,"Intero Negozio",,,false,false,false,,false,false,0
1691,85271000004875001,"DB Company",85271000000007061,Coalvi,85271000004873001,Burzio,85271000004874001,,,"D900 cambiare didascalia tracciabilità ci sono dati ridondanti","<div style=""direction: ltr; font-size: 13px; font-family: Arial, Helvetica, sans-serif""><div>D900 cambiare didascalia tracciabilità ci sono dati ridondanti</div></div>",CHIUSO,,,DB,85271000000092001,DB,85271000000092001,DB,85271000000092001,"2025-02-12 15:15:01","2025-02-17 12:00:13","2025-02-17 12:00:13",,,BASSA,Phone,false,false,,,SOFTWARE,SOFTWARE,,,,,0,Italian,,"Alexandru Mihai",,false,,,,"Intero Negozio",,,false,false,false,,false,false,0
1692,85271000004880001,"DB Company",85271000000007061,BORELLO,85271000000144019,"BORELLO VILLANOVA 2",85271000000167283,villanova2@borellosrl.com,0141939896,"Villanova Gastro Master righe sullo schermo, touch funziona, da monitorare e passare per vedere se connettore allentato","<div style=""direction: ltr; font-size: 13px; font-family: Arial, Helvetica, sans-serif""><div>Villanova Gastro Master righe sullo schermo, touch funziona, da monitorare e passare per vedere se connettore allentato</div></div>",CHIUSO,,,DB,85271000000092001,DB,85271000000092001,DB,85271000000092001,"2025-02-13 08:14:09","2025-02-19 12:31:28","2025-02-19 12:31:28",,,BASSA,Phone,false,false,,,SOFTWARE,SOFTWARE,,,,,0,Italian,,"Enea Beheluli",,false,,,,"Intero Negozio",,,false,false,false,,false,false,0
1698,85271000004880148,"DB Company",85271000000007061,BORELLO,85271000000144019,"BORELLO ANDEZENO 1",85271000000160905,andezeno@borellosrl.com,0119431135,"bilancia macelleria mantiene la tara dopo la pesata e la moltiplica. richiamano se ricapita","<div style=""direction: ltr; font-size: 13px; font-family: Arial, Helvetica, sans-serif""><div>bilancia macelleria mantiene la tara dopo la pesata e la moltiplica. richiamano se ricapita</div></div>",CHIUSO,,,DB,85271000000092001,DB,85271000000092001,DB,85271000000092001,"2025-02-14 11:41:04","2025-02-17 07:29:07","2025-02-17 07:29:07",,,BASSA,Phone,false,false,,,SOFTWARE,SOFTWARE,,,,,0,Italian,,"Francesco Mancuso",,false,,,,"Intero Negozio",,,false,false,false,,false,false,0
1693,85271000004884001,"DB Company",85271000000007061,EMME4,85271000000138569,"EMME4 RISORGIMENTO",85271000000149003,EMME4RISORGIMENTO@LIBERO.IT,0321621654,"Novara viale risorgimento mettere il pane con modifica da schermata","<div style=""direction: ltr; font-size: 13px; font-family: Arial, Helvetica, sans-serif""><div>Novara viale risorgimento mettere il pane con modifica da schermata</div></div>","CHIUSO REMOTO",,,DB,85271000000092001,DB,85271000000092001,DB,85271000000092001,"2025-02-13 14:42:49","2025-02-14 07:56:59","2025-02-14 07:56:59",,,BASSA,Phone,false,false,,,SOFTWARE,SOFTWARE,,,,,0,Italian,,"Enea Beheluli",,false,,,,"Intero Negozio",,,false,false,false,,false,false,0
1694,85271000004885001,"DB Company",85271000000007061,COALVI,85271000000697549,"ORO ROSSO VERCELLI",85271000001621001,OROROSSO@OROROSSO.IT,,"installare programma della bilancia sul pc","<div style=""direction: ltr; font-size: 13px; font-family: Arial, Helvetica, sans-serif""><div>installare programma della bilancia sul pc</div></div>",APERTO,,,DB,85271000000092001,DB,85271000000092001,DB,85271000000092001,"2025-02-13 14:43:15",,"2025-02-13 14:43:15",,,BASSA,Phone,false,false,,,SOFTWARE,SOFTWARE,,,,,0,Italian,,"Enea Beheluli",,false,,,,"Intero Negozio",,,false,false,false,,false,false,0
1695,85271000004886017,"DB Company",85271000000007061,,,"Borello Chivasso",85271000002293001,Borellochivasso@gmail.com,,"bilancia sballa il peso","<div style=""direction: ltr; font-size: 13px; font-family: Arial, Helvetica, sans-serif""><div>bilancia sballa il peso</div></div>","CHIUSA ONSITE",,,DB,85271000000092001,DB,85271000000092001,DB,85271000000092001,"2025-02-14 09:20:34","2025-02-18 09:58:25","2025-02-18 14:52:29",,,BASSA,Phone,false,false,,,SOFTWARE,SOFTWARE,,,,,0,Italian,,"Francesco Mancuso",,false,,,,"Intero Negozio",,,false,false,false,,false,false,0
1701,85271000004886156,"DB Company",85271000000007061,KAPPA2,85271000000149832,"KAPPA2 MARTINETTI",85271000000149912,,0106457520,"due bilance della gastronomia stampano sbiadito","<div style=""direction: ltr; font-size: 13px; font-family: Arial, Helvetica, sans-serif""><div>due bilance della gastronomia stampano sbiadito</div></div>",CHIUSO,,,DB,85271000000092001,DB,85271000000092001,DB,85271000000092001,"2025-02-17 14:34:05","2025-03-19 08:13:27","2025-03-19 08:13:27",,,BASSA,Phone,false,false,,,SOFTWARE,SOFTWARE,,,,,0,Italian,,"Francesco Mancuso",,false,,,,"Intero Negozio",,,false,false,false,,false,false,0
1696,85271000004890001,"DB Company",85271000000007061,BORELLO,85271000000144019,"BORELLO TORRAZZA",85271000000167051,torrazza@borellosrl.com,"011 918 9643","scontrino viene stampato sbiadito","<div style=""direction: ltr; font-size: 13px; font-family: Arial, Helvetica, sans-serif""><div>scontrino viene stampato sbiadito nella bilancia gastronomia</div></div>","CHIUSA ONSITE",,,DB,85271000000092001,DB,85271000000092001,DB,85271000000092001,"2025-02-14 09:35:43","2025-02-18 14:53:11","2025-02-18 14:53:11",,,BASSA,Phone,false,false,,,SOFTWARE,SOFTWARE,,,,,0,Italian,,"Francesco Mancuso",,false,,,,"Intero Negozio",,,false,false,false,,false,false,0
1697,85271000004891001,"DB Company",85271000000007061,,,"prestofresco sede",85271000004270001,presto@fresco.it,,"estrarre venduti di gennaio e pianificare esportazione mensile","<div style=""direction: ltr; font-size: 13px; font-family: Arial, Helvetica, sans-serif""><div>estrarre venduti di gennaio e pianificare esportazione mensile</div></div>",CHIUSO,,,DB,85271000000092001,DB,85271000000092001,DB,85271000000092001,"2025-02-14 11:05:06","2025-02-19 10:42:38","2025-02-19 10:42:37",,,BASSA,Phone,false,false,,,SOFTWARE,SOFTWARE,,,,,0,Italian,,"Francesco Mancuso",,false,,,,"Intero Negozio",,,false,false,false,,false,false,0
1699,85271000004894001,"DB Company",85271000000007061,"Caseificio Garda",85271000004056001,"Caseificio Garda",85271000004057001,CaseificioGarda@prova.com,,"installare google drive su bilancia di ivrea e preparare csv con testo 2 per i lotti","<div style=""direction: ltr; font-size: 13px; font-family: Arial, Helvetica, sans-serif""><div>installare google drive su bilancia di ivrea e preparare csv con testo 2 per i lotti</div></div>",CHIUSO,,,DB,85271000000092001,DB,85271000000092001,DB,85271000000092001,"2025-02-17 11:51:13","2025-02-20 09:04:14","2025-02-20 09:04:14",,,BASSA,Phone,false,false,,,SOFTWARE,SOFTWARE,,,,,0,Italian,,"Francesco Mancuso",,false,,,,"Intero Negozio",,,false,false,false,,false,false,0
1700,85271000004894144,"DB Company",85271000000007061,"MACELLERIE VARIE",85271000000683624,"AGRIMACELLERIA BIASIN",85271000000797471,info@macelleriabiasin.it,,"Memoria piena D-900","<div style=""direction: ltr; font-size: 13px; font-family: Arial, Helvetica, sans-serif""><div>Memoria piena D-900</div></div>","CHIUSO REMOTO",,,DB,85271000000092001,DB,85271000000092001,DB,85271000000092001,"2025-02-17 12:01:14","2025-03-05 16:29:49","2025-03-05 16:29:49",,,BASSA,Phone,false,false,,,SOFTWARE,SOFTWARE,,,,,0,,,"Enea Beheluli",,false,,,,"Intero Negozio",,,false,false,false,,false,false,0
1702,85271000004903001,"DB Company",85271000000007061,QUAREGNA,85271000000168840,"DE RUVO QUAREGNA",85271000000168852,macelleriaderuvo@gmail.com,01593769,"fare variazioni di prezzo sulle bilance lunedì, le manderà via mail il 19","<div style=""direction: ltr; font-size: 13px; font-family: Arial, Helvetica, sans-serif""><div>fare variazioni di prezzo sulle bilance lunedì, le manderà via mail il 19</div></div>",CHIUSO,,,DB,85271000000092001,DB,85271000000092001,DB,85271000000092001,"2025-02-18 15:13:15","2025-02-26 08:26:22","2025-03-03 07:12:22",,,BASSA,Phone,false,false,,,SOFTWARE,SOFTWARE,,,,,0,Italian,,"Francesco Mancuso",,false,,,,"Intero Negozio",,,false,false,false,,false,false,0
1703,85271000004907001,"DB Company",85271000000007061,BORELLO,85271000000144019,"BORELLO RIVA PRESSO CHIERI",85271000000166639,riva@borellosrl.com,0119425442,"Gastro Master non riavvolge","<div style=""direction: ltr; font-size: 13px; font-family: Arial, Helvetica, sans-serif""><div>Gastro Master non riavvolge</div></div>",CHIUSO,,,DB,85271000000092001,DB,85271000000092001,DB,85271000000092001,"2025-02-18 16:17:16","2025-02-19 12:31:34","2025-02-19 12:31:34",,,BASSA,Phone,false,false,,,SOFTWARE,SOFTWARE,,,,,0,,,"Enea Beheluli",,false,,,,"Intero Negozio",,,false,false,false,,false,false,0
1704,85271000004909001,"DB Company",85271000000007061,,,"ex riassetto",85271000004903148,,,"chiamarlo per verificare le esigenze di esplosione dello scontrino in cassa","<div style=""direction: ltr; font-size: 13px; font-family: Arial, Helvetica, sans-serif""><div>chiamarlo per verificare le esigenze di esplosione dello scontrino in cassa</div></div>",CHIUSO,,,DB,85271000000092001,DB,85271000000092001,DB,85271000000092001,"2025-02-19 08:26:19","2025-03-03 12:04:02","2025-03-03 12:04:02",,,BASSA,Phone,false,false,,,SOFTWARE,SOFTWARE,,,,,0,Italian,,"Francesco Mancuso",,false,,,,"Intero Negozio",,,false,false,false,,false,false,0
1705,85271000004912001,"DB Company",85271000000007061,LIGEA,85271000000149583,"LIGEA VILLARDORA",85271000000149735,,0119351232,"Gastro Master non riavvolge","<div style=""direction: ltr; font-size: 13px; font-family: Arial, Helvetica, sans-serif""><div>Gastro Master non riavvolge</div></div>","CHIUSA ONSITE",,,DB,85271000000092001,DB,85271000000092001,DB,85271000000092001,"2025-02-24 10:32:51","2025-02-27 07:30:43","2025-02-27 07:30:43",,,BASSA,Phone,false,false,,,SOFTWARE,SOFTWARE,,,,,0,,,"Enea Beheluli",,false,,,,"Intero Negozio",,,false,false,false,,false,false,0
1706,85271000004913001,"DB Company",85271000000007061,BORELLO,85271000000144019,"BORELLO SEDE",85271000000154312,info@borello.it,0119601040,"Pubblicita 27 febbraio","<div style=""direction: ltr; font-size: 13px; font-family: Arial, Helvetica, sans-serif""><div>Pubblicita 27 febbraio</div></div>","CHIUSO REMOTO",,,DB,85271000000092001,DB,85271000000092001,DB,85271000000092001,"2025-02-24 11:24:40","2025-02-27 07:30:37","2025-02-27 07:30:37",,,BASSA,Phone,false,false,,,SOFTWARE,SOFTWARE,,,,,0,,,"Enea Beheluli",,false,,,,"Intero Negozio",,,false,false,false,,false,false,0
1707,85271000004919001,"DB Company",85271000000007061,"MACELLERIE VARIE",85271000000683624,"MACELLERIA COSTA DOMENICO",85271000000786662,costadomenico@libero.it,,"Vuole etichettare su D-900","<div style=""direction: ltr; font-size: 13px; font-family: Arial, Helvetica, sans-serif""><div>Vuole etichettare su D-900</div></div>",CHIUSO,,,DB,85271000000092001,DB,85271000000092001,DB,85271000000092001,"2025-02-26 08:19:32","2025-03-12 16:11:57","2025-03-12 16:11:57",,,BASSA,Phone,false,false,,,SOFTWARE,SOFTWARE,,,,,0,Italian,,"Enea Beheluli",,false,,,,"Intero Negozio",,,false,false,false,,false,false,0
1708,85271000004931001,"DB Company",85271000000007061,EMME4,85271000000138569,"EMME4 MAFFUCCI",85271000000138537,c.capuano@masstp.it,0239325410,"Bilancia orto non riavvolge la carta","<div style=""direction: ltr; font-size: 13px; font-family: Arial, Helvetica, sans-serif""><div>Bilancia orto non riavvolge la carta</div></div>",CHIUSO,,,DB,85271000000092001,DB,85271000000092001,DB,85271000000092001,"2025-03-01 09:15:29","2025-03-05 16:04:11","2025-03-05 16:04:11",,,BASSA,Phone,false,false,,,SOFTWARE,SOFTWARE,,,,,0,Italian,,"Enea Beheluli",,false,,,,"Intero Negozio",,,false,false,false,,false,false,0
1709,85271000004934013,"DB Company",85271000000007061,MAREL,85271000004931158,"CRAI VIA SAN GIORGIO",85271000003021001,,0124325418,"INVERTIRE GASTRO SLAVE ED ORTOFRUTTA PER GESTIONE NUMERATORE E SCAMBIO 15/30 KG","<div style=""direction: ltr; font-size: 13px; font-family: Arial, Helvetica, sans-serif""><div>INVERTIRE GASTRO SLAVE ED ORTOFRUTTA PER GESTIONE NUMERATORE E SCAMBIO 15/30 KG</div></div>","CHIUSA ONSITE",,,DB,85271000000092001,DB,85271000000092001,DB,85271000000092001,"2025-03-03 09:12:27","2025-03-21 07:49:01","2025-03-21 07:49:01",,,BASSA,Phone,false,false,,,SOFTWARE,SOFTWARE,,,,,0,German,,"Francesco Mancuso",,false,,,,"Intero Negozio",,,false,false,false,,false,false,0
1710,85271000004936001,"DB Company",85271000000007061,KAPPA2,85271000000149832,"KAPPA2 ARMELLINI",85271000000149878,,0108317187,"su 2 articoli della macelleria plu 752 macinata 326 cosce di pollo, in una bilancia prezzo giusto e nell'altro sbagliato","<div style=""direction: ltr; font-size: 13px; font-family: Arial, Helvetica, sans-serif""><div>su 2 articoli della macelleria plu 752 macinata 326 cosce di pollo, in una bilancia prezzo giusto e nell'altro sbagliato</div></div>",CHIUSO,,,DB,85271000000092001,DB,85271000000092001,DB,85271000000092001,"2025-03-03 09:52:13","2025-03-03 16:13:44","2025-03-03 16:13:44",,,BASSA,Phone,false,false,,,SOFTWARE,SOFTWARE,,,,,0,Italian,,"Francesco Mancuso",,false,,,,"Intero Negozio",,,false,false,false,,false,false,0
1711,85271000004937001,"DB Company",85271000000007061,EMME4,85271000000138569,"EMME4 PARABIAGO SPAGLIARDI",85271000000149067,EMME4SPAGLIARDI@LIBERO.IT,0331557965,"Sostituire Switch Gastronomia","<div style=""direction: ltr; font-size: 13px; font-family: Arial, Helvetica, sans-serif""><div>Sostituire Switch Gastronomia</div></div>",CHIUSO,,,DB,85271000000092001,DB,85271000000092001,DB,85271000000092001,"2025-03-04 07:31:00","2025-03-05 16:04:01","2025-03-05 16:04:01",,,BASSA,Phone,false,false,,,SOFTWARE,SOFTWARE,,,,,0,English,,"Enea Beheluli",,false,,,,"Intero Negozio",,,false,false,false,,false,false,0
1713,85271000004946002,"DB Company",85271000000007061,SAYMAS,85271000000806780,"EUROSPIN RIVOLI",85271000000173506,RIVOLIEURO@LIBERO.IT,0457862000,"configurare sacchettone","<div style=""direction: ltr; font-size: 13px; font-family: Arial, Helvetica, sans-serif""><div>configurare sacchettone&nbsp;</div></div>",CHIUSO,,,DB,85271000000092001,DB,85271000000092001,DB,85271000000092001,"2025-03-07 08:31:21","2025-04-22 07:58:40","2025-04-22 07:58:40",,,BASSA,Phone,false,false,,,SOFTWARE,SOFTWARE,,,,,0,Italian,,"Francesco Mancuso",,false,,,,"Intero Negozio",,,false,false,false,,false,false,0
1715,85271000004946149,"DB Company",85271000000007061,BORELLO,85271000000144019,"BORELLO VIA CHIESA",85271000000168001,tochiesa@borellosrl.com,0112213289,"bilancia mace 2 si blocca ogni tanto, la master invece ieri si è spenta","<div style=""direction: ltr; font-size: 13px; font-family: Arial, Helvetica, sans-serif""><div>bilancia mace 2 si blocca ogni tanto, la master invece ieri si è spenta</div></div>",CHIUSO,,,DB,85271000000092001,DB,85271000000092001,DB,85271000000092001,"2025-03-07 12:26:54","2025-03-11 07:50:49","2025-03-11 07:50:49",,,BASSA,Phone,false,false,,,SOFTWARE,SOFTWARE,,,,,0,Italian,,"Francesco Mancuso",,false,,,,"Intero Negozio",,,false,false,false,,false,false,0
1720,85271000004948005,"DB Company",85271000000007061,ARIMONDO,85271000000154344,"PAM SANREMO AGOSTI",85271000000654601,,,"non riescono a usare lotti dei polli ad agosti perchè da lotto esaurito","<div style=""direction: ltr; font-size: 13px; font-family: Arial, Helvetica, sans-serif""><div>non riescono a usare lotti dei polli ad agosti perchè da lotto esaurito</div></div>",CHIUSO,,,DB,85271000000092001,DB,85271000000092001,DB,85271000000092001,"2025-03-10 12:35:24","2025-03-11 09:47:16","2025-03-11 09:47:16",,,BASSA,Phone,false,false,,,SOFTWARE,SOFTWARE,,,,,0,Italian,,"Francesco Mancuso",,false,,,,"Intero Negozio",,,false,false,false,,false,false,0
1712,85271000004951001,"DB Company",85271000000007061,LIGEA,85271000000149583,"LIGEA RIVOLI",85271000000149659,,0110465060,"gastronomia 35000 euro dalle bilance di cui 10000 take away. 16000 euro il dato che viene riportato in cassa  5000 in take away e 11000 di servito","<div style=""direction: ltr; font-size: 13px; font-family: Arial, Helvetica, sans-serif""><div>35000 euro dalle bilance di cui 10000 take away. 16000 euro il dato che viene riportato in cassa&nbsp; 5000 in take away e 11000 di servito</div></div>",CHIUSO,,,DB,85271000000092001,DB,85271000000092001,DB,85271000000092001,"2025-03-06 15:30:41","2025-03-07 08:14:50","2025-03-07 08:14:50",,,BASSA,Phone,false,false,,,SOFTWARE,SOFTWARE,,,,,0,Italian,,"Francesco Mancuso",,false,,,,"Intero Negozio",,,false,false,false,,false,false,0
1714,85271000004951144,"DB Company",85271000000007061,COALVI,85271000000697549,"macelleria Micky e Lory",85271000004955051,,,"verificare lotti scaduti in bilancia, martedi alle 15:45","<div style=""direction: ltr; font-size: 13px; font-family: Arial, Helvetica, sans-serif""><div>verificare lotti scaduti in bilancia, martedi alle 15:45</div></div>",CHIUSO,,,DB,85271000000092001,DB,85271000000092001,DB,85271000000092001,"2025-03-07 11:32:55","2025-03-12 16:11:51","2025-03-12 16:11:51",,,BASSA,Phone,false,false,,,SOFTWARE,SOFTWARE,,,,,0,Italian,,"Francesco Mancuso",,false,,,,"Intero Negozio",,,false,false,false,,false,false,0
1716,85271000004956001,"DB Company",85271000000007061,KAPPA2,85271000000149832,"KAPPA2 AVOSSO",85271000000697107,,,"devono inserire il lotto nella gastronomia quando pesano i fondini","<div style=""direction: ltr; font-size: 13px; font-family: Arial, Helvetica, sans-serif""><div>devono inserire il lotto nella gastronomia quando pesano i fondini</div></div>",CHIUSO,,,DB,85271000000092001,DB,85271000000092001,DB,85271000000092001,"2025-03-07 15:19:28","2025-04-02 07:42:30","2025-04-02 07:42:30",,,BASSA,Phone,false,false,,,SOFTWARE,SOFTWARE,,,,,0,Italian,,"Francesco Mancuso",,false,,,,"Intero Negozio",,,false,false,false,,false,false,0
1717,85271000004958001,"DB Company",85271000000007061,BORELLO,85271000000144019,"BORELLO GIAVENO",85271000000166503,giaveno@borellosrl.com,0112409449,"master della pescheria pesa meno di quanto dovrebbe","<div style=""direction: ltr; font-size: 13px; font-family: Arial, Helvetica, sans-serif""><div>master della pescheria pesa meno di quanto dovrebbe</div></div>","CHIUSO REMOTO",,,DB,85271000000092001,DB,85271000000092001,DB,85271000000092001,"2025-03-07 15:45:58","2025-03-11 07:50:10","2025-03-11 07:50:34",,,BASSA,Phone,false,false,,"verificato pezzo di carta sotto piatto",SOFTWARE,SOFTWARE,,,,,0,Italian,,"Francesco Mancuso",,false,,,,"Intero Negozio",,,false,false,false,,false,false,0
1718,85271000004959001,"DB Company",85271000000007061,BORELLO,85271000000144019,"BORELLO RIVARA",85271000000166685,BORELLORIVARA@LIBERO.IT,,"bilancia gastronomia cassetto non si chiude bene, valutare se testina da cambiare","<div style=""direction: ltr; font-size: 13px; font-family: Arial, Helvetica, sans-serif""><div>bilancia gastronomia cassetto non si chiude bene, valutare se testina da cambiare&nbsp;</div></div>",CHIUSO,,,DB,85271000000092001,DB,85271000000092001,DB,85271000000092001,"2025-03-10 09:12:07","2025-03-12 16:11:42","2025-03-12 16:11:41",,,BASSA,Phone,false,false,,,SOFTWARE,SOFTWARE,,,,,0,Italian,,"Francesco Mancuso",,false,,,,"Intero Negozio",,,false,false,false,,false,false,0
1719,85271000004960001,"DB Company",85271000000007061,BORELLO,85271000000144019,"BORELLO VIA PILO",85271000000168247,topilo@borellosrl.com,0117717588,"tasto stampa della bilancia ortofrutta non prende bene i comandi","<div style=""direction: ltr; font-size: 13px; font-family: Arial, Helvetica, sans-serif""><div>tasto stampa della bilancia ortofrutta non prende bene i comandi</div></div>",CHIUSO,,,DB,85271000000092001,DB,85271000000092001,DB,85271000000092001,"2025-03-10 09:22:10","2025-03-10 09:44:08","2025-03-10 09:44:08",,,BASSA,Phone,false,false,,,SOFTWARE,SOFTWARE,,,,,0,Italian,,"Francesco Mancuso",,false,,,,"Intero Negozio",,,false,false,false,,false,false,0
1721,85271000004969001,"DB Company",85271000000007061,GASTRONOMIE,85271000000684276,"GRANDI GUSTI",85271000000168956,r.ciarletta@grandigustisrl.it,0119889413,"configurare etichetta piccola con logo","<div style=""direction: ltr; font-size: 13px; font-family: Arial, Helvetica, sans-serif""><div>configurare etichetta piccola con logo</div></div>",CHIUSO,,,DB,85271000000092001,DB,85271000000092001,DB,85271000000092001,"2025-03-11 08:04:21","2025-03-12 16:11:35","2025-03-12 16:11:35",,,BASSA,Phone,false,false,,,SOFTWARE,SOFTWARE,,,,,0,Italian,,"Francesco Mancuso",,false,,,,"Intero Negozio",,,false,false,false,,false,false,0
1725,85271000004969148,"DB Company",85271000000007061,"borello sede",85271000004977140,"borello sede",85271000004978001,,,"call per parlare del sacchettone Borello 12/03","<div style=""direction: ltr; font-size: 13px; font-family: Arial, Helvetica, sans-serif""><div>call per parlare del sacchettone Borello</div></div>",CHIUSO,,,DB,85271000000092001,DB,85271000000092001,DB,85271000000092001,"2025-03-11 14:09:40","2025-03-13 09:19:03","2025-03-13 09:19:02",,,BASSA,Phone,false,false,,,SOFTWARE,SOFTWARE,,,,,0,Italian,,"Francesco Mancuso",,false,,,,"Intero Negozio",,,false,false,false,,false,false,0
1722,85271000004972001,"DB Company",85271000000007061,BORELLO,85271000000144019,"BORELLO SALUGGIA",85271000000166775,saluggia@borellosrl.com,0161489996,"andare per controllare bilance gastronomia","<div style=""direction: ltr; font-size: 13px; font-family: Arial, Helvetica, sans-serif""><div>1 bilancia da odore di bruciato la 2 perde il sistema di pesatura la terza ha il cavo internet corto&nbsp;</div></div>",CHIUSO,,,DB,85271000000092001,DB,85271000000092001,DB,85271000000092001,"2025-03-11 11:34:47","2025-03-12 16:11:23","2025-03-12 16:11:23",,,BASSA,Phone,false,false,,,SOFTWARE,SOFTWARE,,,,,0,Italian,,"Alexandru Mihai",,false,,,,"Intero Negozio",,,false,false,false,,false,false,0
1723,85271000004974001,"DB Company",85271000000007061,BORELLO,85271000000144019,"borello settimo",85271000004964113,,,"preparare 7 bilance per la nuova apertura (2 orto, 2 mace, 3 gastro)","<div style=""direction: ltr; font-size: 13px; font-family: Arial, Helvetica, sans-serif""><div>preparare 7 bilance per la nuova apertura (2 orto, 2 mace, 3 gastro)</div></div>","CHIUSO REMOTO",,,DB,85271000000092001,DB,85271000000092001,DB,85271000000092001,"2025-03-11 11:39:21","2025-03-21 07:47:23","2025-03-21 07:47:23",,,BASSA,Phone,false,false,,,SOFTWARE,SOFTWARE,,,,,0,,,"Francesco Mancuso",,false,,,,"Intero Negozio",,,false,false,false,,false,false,0
1724,85271000004977001,"DB Company",85271000000007061,PRESTOFRESCO,85271000004324001,"prestofresco valdellatorre",85271000004976001,,,"preparare 3 bilance per apertura nuovo negozio Ex doro via gibbione, mercoledì 2 aprile wi fi","<div style=""direction: ltr; font-size: 13px; font-family: Arial, Helvetica, sans-serif""><div>preparare 3 bilance per apertura nuovo negozio Ex doro via gibbione, mercoledì 2 aprile wi fi<br></div></div>","CHIUSA ONSITE",,,DB,85271000000092001,DB,85271000000092001,DB,85271000000092001,"2025-03-11 11:40:13","2025-04-08 07:43:47","2025-04-08 07:43:47",,,BASSA,Phone,false,false,,,SOFTWARE,SOFTWARE,,,,,0,Italian,,"Francesco Mancuso",,false,,,,"Intero Negozio",,,false,false,false,,false,false,0
1726,85271000004981001,"DB Company",85271000000007061,GASTRONOMIE,85271000000684276,"GRANDI GUSTI",85271000000168956,r.ciarletta@grandigustisrl.it,0119889413,"inserire nome degli articoli nella lingua di riferimento","<div style=""direction: ltr; font-size: 13px; font-family: Arial, Helvetica, sans-serif""><div>inserire nome degli articoli nella lingua di riferimento</div></div>",CHIUSO,,,DB,85271000000092001,DB,85271000000092001,DB,85271000000092001,"2025-03-12 15:28:23","2025-03-14 09:58:02","2025-03-14 09:58:02",,,BASSA,Phone,false,false,,,SOFTWARE,SOFTWARE,,,,,0,Italian,,"Francesco Mancuso",,false,,,,"Intero Negozio",,,false,false,false,,false,false,0
1727,85271000004991001,"DB Company",85271000000007061,"Dbcompany S.r.l",85271000004989001,"Dbcompany S.r.l",85271000004990001,,,"preparare pdf qr code marchiato dibal e dbcompany","<div style=""direction: ltr; font-size: 13px; font-family: Arial, Helvetica, sans-serif""><div>preparare pdf qr code marchiato dibal e dbcompany</div></div>",CHIUSO,,,DB,85271000000092001,DB,85271000000092001,DB,85271000000092001,"2025-03-13 07:24:16","2025-03-18 15:27:58","2025-03-18 15:27:58",,,BASSA,Phone,false,false,,,SOFTWARE,SOFTWARE,,,,,0,Aragonese,,"Francesco Mancuso",,false,,,,"Intero Negozio",,,false,false,false,,false,false,0
1728,85271000004994001,"DB Company",85271000000007061,"Caseificio Garda",85271000004056001,"Caseificio Garda",85271000004057001,CaseificioGarda@prova.com,,"inserire peso fisso 5kg su burro freschi, inserire lotto e scadenza uguali a Albiano banco e copiare formato etichetta garda peso","<div style=""direction: ltr; font-size: 13px; font-family: Arial, Helvetica, sans-serif""><div>inserire peso fisso 5kg su burro freschi, inserire lotto e scadenza uguali a Albiano banco e copiare formato etichetta garda peso</div></div>",CHIUSO,,,DB,85271000000092001,DB,85271000000092001,DB,85271000000092001,"2025-03-13 10:44:52","2025-03-17 07:05:29","2025-03-17 07:05:29",,,BASSA,Phone,false,false,,,SOFTWARE,SOFTWARE,,,,,0,Italian,,"Francesco Mancuso",,false,,,,"Intero Negozio",,,false,false,false,,false,false,0
1729,85271000004995001,"DB Company",85271000000007061,KAPPA2,85271000000149832,"KAPPA2 SARZANO",85271000000697145,,,"bilancia gastronomia stampa sbiadito e con diverse righe","<div style=""direction: ltr; font-size: 13px; font-family: Arial, Helvetica, sans-serif""><div>bilancia gastronomia stampa sbiadito e con diverse righe</div></div>",CHIUSO,,,DB,85271000000092001,DB,85271000000092001,DB,85271000000092001,"2025-03-13 11:42:40","2025-03-27 15:47:43","2025-03-27 15:47:43",,,BASSA,Phone,false,false,,,SOFTWARE,SOFTWARE,,,,,0,Italian,,"Francesco Mancuso",,false,,,,"Intero Negozio",,,false,false,false,,false,false,0
1730,85271000004995140,"DB Company",85271000000007061,"MACELLERIE VARIE",85271000000683624,"MACELLERIA COSTA",85271000000786620,lillomacelleria@icloud.com,,"controllare se troviamo una stampante di etichette da poter collegare alle bilance, dove viene stampato solo il nome articolo e gli ingredienti","<div style=""direction: ltr; font-size: 13px; font-family: Arial, Helvetica, sans-serif""><div>controllare se troviamo una stampante di etichette da poter collegare alle bilance, dove viene stampato solo il nome articolo e gli ingredienti</div></div>",CHIUSO,,,DB,85271000000092001,DB,85271000000092001,DB,85271000000092001,"2025-03-14 11:26:31","2025-04-23 15:53:34","2025-04-23 15:53:34",,,BASSA,Phone,false,false,,,SOFTWARE,SOFTWARE,,,,,0,Italian,,"Francesco Mancuso",,false,,,,"Intero Negozio",,,false,false,false,,false,false,0
1731,85271000005002001,"DB Company",85271000000007061,LEONI,85271000000154394,"LEONI BACONE",85271000000154406,info@macellerialeoni.com,0229406652,"configurare bilancia per leoni laboratorio","<div style=""direction: ltr; font-size: 13px; font-family: Arial, Helvetica, sans-serif""><div>configurare bilancia per leoni laboratorio</div></div>",CHIUSO,,,DB,85271000000092001,DB,85271000000092001,DB,85271000000092001,"2025-03-17 07:09:37","2025-03-26 15:22:06","2025-03-26 15:22:06",,,BASSA,Phone,false,false,,,SOFTWARE,SOFTWARE,,,,,0,Italian,,"Francesco Mancuso",,false,,,,"Intero Negozio",,,false,false,false,,false,false,0
1732,85271000005008001,"DB Company",85271000000007061,"borello sede",85271000005006001,"borello sede",85271000005007001,,,"VARIAZIONI NON VANNO A BUON FINE","<div style=""direction: ltr; font-size: 13px; font-family: Arial, Helvetica, sans-serif""><div>VARIAZIONI NON VANNO A BUON FINE</div></div>",CHIUSO,,,DB,85271000000092001,DB,85271000000092001,DB,85271000000092001,"2025-03-17 11:15:34","2025-03-26 07:06:40","2025-03-26 07:06:39",,,BASSA,Phone,false,false,,,SOFTWARE,SOFTWARE,,,,,0,,,"Francesco Mancuso",,false,,,,"Intero Negozio",,,false,false,false,,false,false,0
1733,85271000005008132,"DB Company",85271000000007061,"Dbcompany S.r.l",85271000005000017,"Dbcompany S.r.l",85271000005006021,,,"controllare pc in ufficio dei meccanici che da problemi per le mail","<div style=""direction: ltr; font-size: 13px; font-family: Arial, Helvetica, sans-serif""><div>controllare pc in ufficio dei meccanici che da problemi per le mail</div></div>",CHIUSO,,,DB,85271000000092001,DB,85271000000092001,DB,85271000000092001,"2025-03-17 11:23:41","2025-03-25 07:37:46","2025-03-25 07:37:46",,,BASSA,Phone,false,false,,,SOFTWARE,SOFTWARE,,,,,0,Italian,,"Francesco Mancuso",,false,,,,"Intero Negozio",,,false,false,false,,false,false,0
1734,85271000005018001,"DB Company",85271000000007061,"CLIENTI VARI",85271000000673031,"Bell e buono",85271000005017001,,,"recuperare lista articoli ed ingredienti per preparare nuova bilancia, chiedere a Luca","<div style=""direction: ltr; font-size: 13px; font-family: Arial, Helvetica, sans-serif""><div>recuperare lista articoli ed ingredienti per preparare nuova bilancia, chiedere a Luca</div></div>",APERTO,,,DB,85271000000092001,DB,85271000000092001,DB,85271000000092001,"2025-03-18 15:33:23",,"2025-03-18 15:33:23",,,BASSA,Phone,false,false,,,SOFTWARE,SOFTWARE,,,,,0,Italian,,"Francesco Mancuso",,false,,,,"Intero Negozio",,,false,false,false,,false,false,0
1735,85271000005022001,"DB Company",85271000000007061,"CLIENTI VARI",85271000000673031,CHIAVASSA,85271000004366001,CHIAVASSA@CHIAVASSA.IT,,"installare programma bilancia su pc","<div style=""direction: ltr; font-size: 13px; font-family: Arial, Helvetica, sans-serif""><div>installare programma bilancia su pc</div></div>","CHIUSO REMOTO",,,DB,85271000000092001,DB,85271000000092001,DB,85271000000092001,"2025-03-18 16:04:40","2025-03-21 07:07:37","2025-03-21 07:07:37",,,BASSA,Phone,false,false,,,SOFTWARE,SOFTWARE,,,,,0,Italian,,"Enea Beheluli",,false,,,,"Intero Negozio",,,false,false,false,,false,false,0
1736,85271000005025001,"DB Company",85271000000007061,BORELLO,85271000000144019,"BORELLO VIA AVIGLIANA",85271000000822487,toavigliana@borellosrl.com,"011 433 0519","GASTRO SLAVE 2 SBALLA FREQUENTEMENTE IL PESO","<div style=""direction: ltr; font-size: 13px; font-family: Arial, Helvetica, sans-serif""><div>GASTRO SLAVE 2 SBALLA FREQUENTEMENTE IL PESO</div></div>",CHIUSO,,,DB,85271000000092001,DB,85271000000092001,DB,85271000000092001,"2025-03-20 07:35:25","2025-04-15 07:21:35","2025-04-15 07:21:35",,,BASSA,Phone,false,false,,,SOFTWARE,SOFTWARE,,,,,0,,,"Francesco Mancuso",,false,,,,"Intero Negozio",,,false,false,false,,false,false,0
1737,85271000005033001,"DB Company",85271000000007061,BORELLO,85271000000144019,"BORELLO SEDE",85271000000154312,info@borello.it,0119601040,"pubblicità 27 marzo","<div style=""direction: ltr; font-size: 13px; font-family: Arial, Helvetica, sans-serif""><div>pubblicità 27 marzo</div></div>",CHIUSO,,,DB,85271000000092001,DB,85271000000092001,DB,85271000000092001,"2025-03-21 09:47:37","2025-03-27 15:47:11","2025-03-27 15:47:11",,,BASSA,Phone,false,false,,,SOFTWARE,SOFTWARE,,,,,0,Italian,,"Enea Beheluli",,false,,,,"Intero Negozio",,,false,false,false,,false,false,0
1738,85271000005036001,"DB Company",85271000000007061,BORELLO,85271000000144019,"BORELLO VIA PASTRENGO",85271000000168385,topastrengo@borellosrl.com,011538276,"Gastro slave messa come master in attesa","<div style=""direction: ltr; font-size: 13px; font-family: Arial, Helvetica, sans-serif""><div>Gastro slave messa come master in attesa</div></div>",CHIUSO,,,DB,85271000000092001,DB,85271000000092001,DB,85271000000092001,"2025-03-21 15:23:37","2025-03-31 09:27:56","2025-03-31 09:27:56",,,BASSA,Phone,false,false,,,SOFTWARE,SOFTWARE,,,,,0,Italian,,"Enea Beheluli",,false,,,,"Intero Negozio",,,false,false,false,,false,false,0
1739,85271000005037001,"DB Company",85271000000007061,BORELLO,85271000000144019,"BORELLO CAVAGNOLO",85271000000166365,cavagnolo@borellosrl.com,0119152417,"gastro slave 2 messa come master in attesa","<div style=""direction: ltr; font-size: 13px; font-family: Arial, Helvetica, sans-serif""><div>gastro slave 2 messa come master in attesa</div></div>","CHIUSO REMOTO",,,DB,85271000000092001,DB,85271000000092001,DB,85271000000092001,"2025-03-21 15:24:06","2025-04-08 07:43:32","2025-04-08 07:43:32",,,BASSA,Phone,false,false,,,SOFTWARE,SOFTWARE,,,,,0,Italian,,"Enea Beheluli",,false,,,,"Intero Negozio",,,false,false,false,,false,false,0
1740,85271000005038001,"DB Company",85271000000007061,"MACELLERIE VARIE",85271000000683624,"MACELLERIA MARCO E ELISA",85271000000802334,info@macelleriamarcoelisa.com,011/19855811,"controllare ddt 83 84 79 77 74 69 71 70 76 che sono stati caricati parzialmente o che risultano vuoti","<div style=""direction: ltr; font-size: 13px; font-family: Arial, Helvetica, sans-serif""><div>controllare ddt 83 84 79 77 74 69 71 70 76 che sono stati caricati parzialmente o che risultano vuoti</div></div>",CHIUSO,,,DB,85271000000092001,DB,85271000000092001,DB,85271000000092001,"2025-03-21 16:07:01","2025-03-25 15:06:39","2025-03-25 15:06:39",,,BASSA,Phone,false,false,,,SOFTWARE,SOFTWARE,,,,,0,Italian,,"Francesco Mancuso",,false,,,,"Intero Negozio",,,false,false,false,,false,false,0
1741,85271000005043001,"DB Company",85271000000007061,BORELLO,85271000000144019,"BORELLO VIA CAPELLINA",85271000000168339,tocapellina@borellosrl.com,0114731767,"macelleria vorrebbero articolo riapertura prodotto come in gastro","<div style=""direction: ltr; font-size: 13px; font-family: Arial, Helvetica, sans-serif""><div>macelleria vorrebbero articolo riapertura prodotto come in gastro</div></div>",CHIUSO,,,DB,85271000000092001,DB,85271000000092001,DB,85271000000092001,"2025-03-24 15:35:10","2025-03-25 07:55:08","2025-03-25 07:55:08",,,BASSA,Phone,false,false,,,SOFTWARE,SOFTWARE,,,,,0,Italian,,"Enea Beheluli",,false,,,,"Intero Negozio",,,false,false,false,,false,false,0
1742,85271000005047001,"DB Company",85271000000007061,BORELLO,85271000000144019,"BORELLO VIA CHIESA",85271000000168001,tochiesa@borellosrl.com,0112213289,"mace messe entrambe master","<div style=""direction: ltr; font-size: 13px; font-family: Arial, Helvetica, sans-serif""><div>mace messe entrambe master</div></div>","CHIUSA ONSITE",,,DB,85271000000092001,DB,85271000000092001,DB,85271000000092001,"2025-03-25 07:33:07","2025-03-26 07:03:59","2025-03-26 07:03:59",,,BASSA,Phone,false,false,,,SOFTWARE,SOFTWARE,,,,,0,,,"Enea Beheluli",,false,,,,"Intero Negozio",,,false,false,false,,false,false,0
1743,85271000005048001,"DB Company",85271000000007061,"Caseificio Garda",85271000004056001,"Caseificio Garda",85271000004057001,CaseificioGarda@prova.com,,"etichettatrice remove weight from plate","<div style=""direction: ltr; font-size: 13px; font-family: Arial, Helvetica, sans-serif""><div>etichettatrice remove weight from plate</div></div>",CHIUSO,,,DB,85271000000092001,DB,85271000000092001,DB,85271000000092001,"2025-03-25 07:34:45","2025-03-25 15:46:21","2025-03-25 15:46:21",,,BASSA,Phone,false,false,,,SOFTWARE,SOFTWARE,,,,,0,English,,"Francesco Mancuso",,false,,,,"Intero Negozio",,,false,false,false,,false,false,0
1744,85271000005072003,"DB Company",85271000000007061,COALVI,85271000000697549,"GLI ARTISTI DEL GUSTO",85271000000924001,gliartistidelgusto@outlook.com,,"martedi controllare collegamento con monitor","<div style=""direction: ltr; font-size: 13px; font-family: Arial, Helvetica, sans-serif""><div>martedi controllare collegamento con monitor</div></div>","CHIUSA ONSITE",,,DB,85271000000092001,DB,85271000000092001,DB,85271000000092001,"2025-03-31 07:23:13","2025-04-08 15:59:17","2025-04-08 15:59:17",,,BASSA,Phone,false,false,,,SOFTWARE,SOFTWARE,,,,,0,Italian,,"Enea Beheluli",,false,,,,"Intero Negozio",,,false,false,false,,false,false,0
1748,85271000005074005,"DB Company",85271000000007061,MAREL,85271000004931158,"Crai Via Garibaldi",85271000005080148,,,"3 bilance 1200, una ortofrutta, due gastronomia + una d900 self pane","<div style=""direction: ltr; font-size: 13px; font-family: Arial, Helvetica, sans-serif""><div>3 bilance 1200, una ortofrutta, due gastronomia + una d900 self pane</div></div>",CHIUSO,,,DB,85271000000092001,DB,85271000000092001,DB,85271000000092001,"2025-04-01 07:52:46","2025-04-17 09:26:33","2025-04-17 09:26:33",,,BASSA,Phone,false,false,,,SOFTWARE,SOFTWARE,,,,,0,,,"Francesco Mancuso",,false,,,,"Intero Negozio",,,false,false,false,,false,false,0
1745,85271000005080001,"DB Company",85271000000007061,LEONI,85271000000154394,"LEONI BACONE",85271000000154406,info@macellerialeoni.com,0229406652,"fare preventivo per lavori su bilance e fare ultime modifiche","<div style=""direction: ltr; font-size: 13px; font-family: Arial, Helvetica, sans-serif""><div>fare preventivo per lavori su bilance e fare ultime modifiche</div></div>","IN ATTESA CLIENTE",,,DB,85271000000092001,DB,85271000000092001,DB,85271000000092001,"2025-03-31 07:24:27",,"2025-04-22 08:24:46",,,BASSA,Phone,false,false,,,SOFTWARE,SOFTWARE,,,,,"2025-04-22 08:24:46",Italian,,"Francesco Mancuso",,false,,,,"Intero Negozio",,,false,false,false,,false,false,0
1746,85271000005084001,"DB Company",85271000000007061,FICINI,85271000000169002,FICINI,85271000000169014,ficini@gmaiil.com,0116699558,"portare powerline, fornire spiegazioni riguardo funzionamento della bilancia","<div style=""direction: ltr; font-size: 13px; font-family: Arial, Helvetica, sans-serif""><div>portare powerline, fornire spiegazioni riguardo funzionamento della bilancia</div></div>","IN ATTESA CLIENTE",,,DB,85271000000092001,DB,85271000000092001,DB,85271000000092001,"2025-03-31 14:39:42",,"2025-04-22 08:25:08",,,BASSA,Phone,false,false,,,SOFTWARE,SOFTWARE,,,,,"2025-04-22 08:25:08",Italian,,"Alexandru Mihai",,false,,,,"Intero Negozio",,,false,false,false,,false,false,0
1747,85271000005085001,"DB Company",85271000000007061,BORELLO,85271000000144019,"BORELLO ALDO MORO",85271000000686001,ALDOMORO@BORELLO.IT,"011 204225","fare prove su pubblicità con Salvo 01/04","<div style=""direction: ltr; font-size: 13px; font-family: Arial, Helvetica, sans-serif""><div>fare prove su pubblicità con Salvo 01/04</div></div>",CHIUSO,,,DB,85271000000092001,DB,85271000000092001,DB,85271000000092001,"2025-03-31 14:54:31","2025-04-01 16:29:25","2025-04-01 16:29:25",,,BASSA,Phone,false,false,,,SOFTWARE,SOFTWARE,,,,,0,Italian,,"Francesco Mancuso",,false,,,,"Intero Negozio",,,false,false,false,,false,false,0
1749,85271000005085148,"DB Company",85271000000007061,BORELLO,85271000000144019,"BORELLO ALDO MORO",85271000000686001,ALDOMORO@BORELLO.IT,"011 204225","eliminare reparti del pane sulla bilancia della pescheria","<div style=""direction: ltr; font-size: 13px; font-family: Arial, Helvetica, sans-serif""><div>eliminare reparti del pane sulla bilancia della pescheria</div></div>",CHIUSO,,,DB,85271000000092001,DB,85271000000092001,DB,85271000000092001,"2025-04-02 07:24:31","2025-04-02 07:26:05","2025-04-02 07:26:05",,,BASSA,Phone,false,false,,,SOFTWARE,SOFTWARE,,,,,0,Italian,,"Francesco Mancuso",,false,,,,"Intero Negozio",,,false,false,false,,false,false,0
1750,85271000005091001,"DB Company",85271000000007061,"Macelleria Spinelli Chieri",85271000004048001,"Macelleria Spinelli",85271000004049001,,,"fornire scatola rotoli etichette","<div style=""direction: ltr; font-size: 13px; font-family: Arial, Helvetica, sans-serif""><div>fornire scatola rotoli etichette</div></div>",CHIUSO,,,DB,85271000000092001,DB,85271000000092001,DB,85271000000092001,"2025-04-04 11:46:32","2025-04-15 11:21:59","2025-04-15 11:21:59",,,BASSA,Phone,false,false,,,SOFTWARE,SOFTWARE,,,,,0,Italian,,"Enea Beheluli",,false,,,,"Intero Negozio",,,false,false,false,,false,false,0
1751,85271000005107001,"DB Company",85271000000007061,BORELLO,85271000000144019,"BORELLO BALANGERO",85271000000160995,balangero@borellosrl.com,0123323427,"gastro master con testina rigata, spostato barcode momentaneo","<div style=""direction: ltr; font-size: 13px; font-family: Arial, Helvetica, sans-serif""><div>gastro master con testina rigata, spostato barcode momentaneo</div></div>",CHIUSO,,,DB,85271000000092001,DB,85271000000092001,DB,85271000000092001,"2025-04-09 09:55:21","2025-04-15 14:40:47","2025-04-15 14:40:47",,,BASSA,Phone,false,false,,,SOFTWARE,SOFTWARE,,,,,0,Italian,,"Enea Beheluli",,false,,,,"Intero Negozio",,,false,false,false,,false,false,0
1752,85271000005116001,"DB Company",85271000000007061,"borello sede",85271000005114001,"borello sede",85271000005115001,,,"modificare qrcode con prezzo articolo anzichè importo riga per gli articoli unitari e mandare a marco de Fazio","<div style=""direction: ltr; font-size: 13px; font-family: Arial, Helvetica, sans-serif""><div>modificare qrcode con prezzo articolo anzichè importo riga per gli articoli unitari e mandare a marco de Fazio</div></div>",CHIUSO,,,DB,85271000000092001,DB,85271000000092001,DB,85271000000092001,"2025-04-11 15:20:15","2025-04-14 10:23:45","2025-04-14 10:23:45",,,BASSA,Phone,false,false,,,SOFTWARE,SOFTWARE,,,,,0,Italian,,"Francesco Mancuso",,false,,,,"Intero Negozio",,,false,false,false,,false,false,0
1753,85271000005119001,"DB Company",85271000000007061,"MACELLERIE VARIE",85271000000683624,"MACELLERIA INNOVATIVA DI RUSCONI CRISTIAN",85271000000806448,rusconicristian@tiscali.it,011.79.31.096,"portare 3 chiavette wifi per problemi di rete","<div style=""direction: ltr; font-size: 13px; font-family: Arial, Helvetica, sans-serif""><div>portare 3 chiavette wifi per problemi di rete</div></div>",APERTO,,,DB,85271000000092001,DB,85271000000092001,DB,85271000000092001,"2025-04-11 15:30:03",,"2025-04-24 07:29:23",,,BASSA,Phone,false,false,,"lunedì alle 14 andare per montare reggi cavo di rete sotto la bilancia",SOFTWARE,SOFTWARE,,,,,0,Italian,,"Francesco Mancuso",,false,,,,"Intero Negozio",,,false,false,false,,false,false,0
1754,85271000005123001,"DB Company",85271000000007061,KAPPA2,85271000000149832,"KAPPA2 MARTINETTI",85271000000149912,,0106457520,"cambiare due testine","<div style=""direction: ltr; font-size: 13px; font-family: Arial, Helvetica, sans-serif""><div>cambiare due testine</div></div>",CHIUSO,,,DB,85271000000092001,DB,85271000000092001,DB,85271000000092001,"2025-04-14 07:23:03","2025-04-16 16:27:34","2025-04-16 16:27:34",,,BASSA,Phone,false,false,,,SOFTWARE,SOFTWARE,,,,,0,,,"Francesco Mancuso",,false,,,,"Intero Negozio",,,false,false,false,,false,false,0
1755,85271000005126001,"DB Company",85271000000007061,,,"BOUTIQUE DEI SAPORI PORTA PALAZZO",85271000004380001,,,"sostituita bilancia perchè ha problemi di stampa","<div style=""direction: ltr; font-size: 13px; font-family: Arial, Helvetica, sans-serif""><div>sostituita bilancia perchè ha problemi di stampa</div></div>","DA RIPORTARE",,,DB,85271000000092001,DB,85271000000092001,DB,85271000000092001,"2025-04-14 09:08:33",,"2025-04-14 09:09:02",,,BASSA,Phone,false,false,,,SOFTWARE,SOFTWARE,,,,,"2025-04-14 09:09:01",Italian,,"Francesco Mancuso",,false,,,,"Intero Negozio",,,false,false,false,,false,false,0
1756,85271000005128001,"DB Company",85271000000007061,BORELLO,85271000000144019,"borello settimo",85271000004964113,,,"ritirare bilancia in prestito","<div style=""direction: ltr; font-size: 13px; font-family: Arial, Helvetica, sans-serif""><div>ritirare bilancia in prestito</div></div>",CHIUSO,,,DB,85271000000092001,DB,85271000000092001,DB,85271000000092001,"2025-04-14 09:24:17","2025-04-15 11:21:45","2025-04-15 11:21:44",,,BASSA,Phone,false,false,,,SOFTWARE,SOFTWARE,,,,,0,Italian,,"Francesco Mancuso",,false,,,,"Intero Negozio",,,false,false,false,,false,false,0
1757,85271000005136001,"DB Company",85271000000007061,,,"Borello Chivasso",85271000002293001,Borellochivasso@gmail.com,,"mace slave sballa il peso","<div style=""direction: ltr; font-size: 13px; font-family: Arial, Helvetica, sans-serif""><div>mace slave sballa il peso</div></div>","CHIUSA ONSITE",,,DB,85271000000092001,DB,85271000000092001,DB,85271000000092001,"2025-04-17 09:55:06","2025-04-23 15:53:24","2025-04-23 15:53:24",,,BASSA,Phone,false,false,,,SOFTWARE,SOFTWARE,,,,,0,Italian,,"Francesco Mancuso",,false,,,,"Intero Negozio",,,false,false,false,,false,false,0
1758,85271000005147001,"DB Company",85271000000007061,BORELLO,85271000000144019,"BORELLO VENARIA 1",85271000000167095,venaria1@borellosrl.com,0114593220,"bilancia gastronomia non funziona il riavvolgitore","<div style=""direction: ltr; font-size: 13px; font-family: Arial, Helvetica, sans-serif""><div>bilancia gastronomia non funziona il riavvolgitore</div></div>","CHIUSA ONSITE",,,DB,85271000000092001,DB,85271000000092001,DB,85271000000092001,"2025-04-22 08:24:09","2025-04-23 15:53:20","2025-04-23 15:53:20",,,BASSA,Phone,false,false,,,SOFTWARE,SOFTWARE,,,,,0,Italian,,"Enea Beheluli",,false,,,,"Intero Negozio",,,false,false,false,,false,false,0
1759,85271000005154001,"DB Company",85271000000007061,"Dbcompany S.r.l",85271000005147148,"Dbcompany S.r.l",85271000005153001,,,"cose da comprare","<div style=""direction: ltr; font-size: 13px; font-family: Arial, Helvetica, sans-serif""><div>cose da comprare:<br></div><div>5 riavvolgitori<br></div><div>supporti per testina:<br></div><div>kit cacciaviti:</div></div>",APERTO,,,DB,85271000000092001,DB,85271000000092001,DB,85271000000092001,"2025-04-22 10:37:37",,"2025-04-22 10:37:37",,,BASSA,Phone,false,false,,,SOFTWARE,SOFTWARE,,,,,0,Italian,,"Enea Beheluli",,false,,,,"Intero Negozio",,,false,false,false,,false,false,0
1760,85271000005157001,"DB Company",85271000000007061,BORELLO,85271000000144019,"BORELLO BALDISSERO",85271000000144031,baldissero@borellosrl.com,0119407819,"bilancia gastronomia stampa una volta su due tentativi","<div style=""direction: ltr; font-size: 13px; font-family: Arial, Helvetica, sans-serif""><div>bilancia gastronomia stampa una volta su due tentativi<br></div></div>",CHIUSO,,,DB,85271000000092001,DB,85271000000092001,DB,85271000000092001,"2025-04-23 07:11:44","2025-04-23 15:32:48","2025-04-23 15:32:48",,,BASSA,Phone,false,false,,,SOFTWARE,SOFTWARE,,,,,0,,,"Francesco Mancuso",,false,,,,"Intero Negozio",,,false,false,false,,false,false,0
1762,85271000005157140,"DB Company",85271000000007061,"CLIENTI VARI",85271000000673031,CHIAVASSA,85271000004366001,CHIAVASSA@CHIAVASSA.IT,,"bilancia master ogni tanto non fa uscire correttamente la carta","<div style=""direction: ltr; font-size: 13px; font-family: Arial, Helvetica, sans-serif""><div>bilancia master ogni tanto non fa uscire correttamente la carta</div></div>",CHIUSO,,,DB,85271000000092001,DB,85271000000092001,DB,85271000000092001,"2025-04-24 10:42:28","2025-04-28 08:23:21","2025-04-28 08:23:21",,,BASSA,Phone,false,false,,,SOFTWARE,SOFTWARE,,,,,0,Italian,,"Francesco Mancuso",,false,,,,"Intero Negozio",,,false,false,false,,false,false,0
1761,85271000005161001,"DB Company",85271000000007061,"MACELLERIE VARIE",85271000000683624,"MACELLERIA GIAMPAOLO CRU TORINO",85271000000799039,giomacello@alice.it,011.75.19.68,"capire esigenze per le etichette","<div style=""direction: ltr; font-size: 13px; font-family: Arial, Helvetica, sans-serif""><div>capire esigenze per le etichette</div></div>",APERTO,,,DB,85271000000092001,DB,85271000000092001,DB,85271000000092001,"2025-04-23 07:29:51",,"2025-04-23 07:29:51",,,BASSA,Phone,false,false,,,SOFTWARE,SOFTWARE,,,,,0,Italian,,"Francesco Mancuso",,false,,,,"Intero Negozio",,,false,false,false,,false,false,0
